token_index,token,clean_token,raw_gradient_score,normalized_gradient_score,pos,sentiment_category,meaningful_token,prediction,negative_probability,positive_probability
0,When,When,0.10107500851154327,0.543145521080046,SCONJ,other,True,positive,0.004439397249370813,0.9955606460571289
1, I,I,0.06315184384584427,0.25251165046058754,PRON,other,True,positive,0.004439397249370813,0.9955606460571289
2, uns,uns,0.09236868470907211,0.4764223821256859,UNKNOWN,other,True,positive,0.004439397249370813,0.9955606460571289
3,us,us,0.08402613550424576,0.41248712282953826,PRON,other,True,positive,0.004439397249370813,0.9955606460571289
4,pected,pected,0.11759481579065323,0.6697492888230335,UNKNOWN,other,True,positive,0.004439397249370813,0.9955606460571289
5,ly,ly,0.08297441899776459,0.4044270244235245,UNKNOWN,other,True,positive,0.004439397249370813,0.9955606460571289
6, rented,rented,0.08756463974714279,0.43960535500721104,VERB,other,True,positive,0.004439397249370813,0.9955606460571289
7, A,A,0.051108524203300476,0.16021459050594364,PROPN,other,True,positive,0.004439397249370813,0.9955606460571289
8, Th,Th,0.04336082935333252,0.10083814968212962,UNKNOWN,other,True,positive,0.004439397249370813,0.9955606460571289
9,ous,ous,0.05599126219749451,0.19763470180158266,UNKNOWN,other,True,positive,0.004439397249370813,0.9955606460571289
10,and,and,0.06876257061958313,0.29551088993900765,CCONJ,other,True,positive,0.004439397249370813,0.9955606460571289
11, Ac,Ac,0.03461875393986702,0.03384101911404839,UNKNOWN,other,True,positive,0.004439397249370813,0.9955606460571289
12,res,res,0.07834513485431671,0.3689493215295869,UNKNOWN,other,True,positive,0.004439397249370813,0.9955606460571289
13,",",",",0.036986999213695526,0.05199067240845209,PUNCT,other,False,positive,0.004439397249370813,0.9955606460571289
14, I,I,0.03730049356818199,0.0543932165649043,PRON,other,True,positive,0.004439397249370813,0.9955606460571289
15, thought,thought,0.048016104847192764,0.13651504393679784,VERB,other,True,positive,0.004439397249370813,0.9955606460571289
16, I,I,0.044030629098415375,0.10597133131845624,PRON,other,True,positive,0.004439397249370813,0.9955606460571289
17, was,was,0.0415918231010437,0.08728091787447544,AUX,other,True,positive,0.004439397249370813,0.9955606460571289
18, in,in,0.04146209731698036,0.08628673115314482,ADP,other,True,positive,0.004439397249370813,0.9955606460571289
19, for,for,0.0455126129090786,0.11732889324360862,ADP,other,True,positive,0.004439397249370813,0.9955606460571289
20, an,an,0.06553853303194046,0.2708026533933713,DET,other,True,positive,0.004439397249370813,0.9955606460571289
21, entertaining,entertaining,0.07104617357254028,0.3130118651615809,ADJ,positive_sentiment,True,positive,0.004439397249370813,0.9955606460571289
22, King,King,0.05561237782239914,0.19473102449980936,PROPN,other,True,positive,0.004439397249370813,0.9955606460571289
23, Le,Le,0.05280927196145058,0.17324870588781768,UNKNOWN,other,True,positive,0.004439397249370813,0.9955606460571289
24,ar,ar,0.03638884052634239,0.0474065303390183,UNKNOWN,other,True,positive,0.004439397249370813,0.9955606460571289
25, story,story,0.0330938883125782,0.022154821420891046,NOUN,other,True,positive,0.004439397249370813,0.9955606460571289
26, and,and,0.0397837869822979,0.07342457070400414,CCONJ,other,True,positive,0.004439397249370813,0.9955606460571289
27, of,of,0.06552380323410034,0.27068976782072846,ADP,other,True,positive,0.004439397249370813,0.9955606460571289
28, course,course,0.04726758971810341,0.13077860682501777,NOUN,other,True,positive,0.004439397249370813,0.9955606460571289
29, M,M,0.04145924746990204,0.0862648906212602,UNKNOWN,other,True,positive,0.004439397249370813,0.9955606460571289
30,iche,iche,0.03020303137600422,0.0,UNKNOWN,other,True,positive,0.004439397249370813,0.9955606460571289
31,lle,lle,0.04919729009270668,0.14556735913381535,UNKNOWN,other,True,positive,0.004439397249370813,0.9955606460571289
32, P,P,0.046049147844314575,0.12144076592946687,UNKNOWN,other,True,positive,0.004439397249370813,0.9955606460571289
33,fe,fe,0.059513118118047714,0.22462534530344844,UNKNOWN,other,True,positive,0.004439397249370813,0.9955606460571289
34,if,if,0.11370770633220673,0.6399594314261472,UNKNOWN,other,True,positive,0.004439397249370813,0.9955606460571289
35,fer,fer,0.05710702762007713,0.20618565545556003,UNKNOWN,other,True,positive,0.004439397249370813,0.9955606460571289
36, was,was,0.04175684228539467,0.08854558459459669,AUX,other,True,positive,0.004439397249370813,0.9955606460571289
37, in,in,0.03581516072154045,0.043009988446073136,ADP,other,True,positive,0.004439397249370813,0.9955606460571289
38, it,it,0.03960977494716644,0.0720909849721581,PRON,other,True,positive,0.004439397249370813,0.9955606460571289
39,",",",",0.036498334258794785,0.0482456635588256,PUNCT,other,False,positive,0.004439397249370813,0.9955606460571289
40, so,so,0.04333506152033806,0.10064067130429187,CCONJ,other,True,positive,0.004439397249370813,0.9955606460571289
41, what,what,0.08248434215784073,0.4006711952319578,PRON,other,True,positive,0.004439397249370813,0.9955606460571289
42, could,could,0.06054522097110748,0.23253512946060922,AUX,other,True,positive,0.004439397249370813,0.9955606460571289
43, go,go,0.11250277608633041,0.6307251403464728,VERB,other,True,positive,0.004439397249370813,0.9955606460571289
44, wrong,wrong,0.09843628108501434,0.5229229586372159,ADJ,negative_sentiment,True,positive,0.004439397249370813,0.9955606460571289
45,?,?,0.10522005707025528,0.5749121607353516,PUNCT,other,False,positive,0.004439397249370813,0.9955606460571289
46, Very,Very,0.0376235730946064,0.056869219137747506,ADV,other,True,positive,0.004439397249370813,0.9955606460571289
47, quickly,quickly,0.05397386848926544,0.18217388920446634,ADV,other,True,positive,0.004439397249370813,0.9955606460571289
48,",",",",0.03708123415708542,0.052712865996103336,PUNCT,other,False,positive,0.004439397249370813,0.9955606460571289
49, however,however,0.1391206979751587,0.8347183918219684,ADV,other,True,positive,0.004439397249370813,0.9955606460571289
50,",",",",0.03389282152056694,0.02827765037388207,PUNCT,other,False,positive,0.004439397249370813,0.9955606460571289
51, I,I,0.05524924397468567,0.19194805539255652,PRON,other,True,positive,0.004439397249370813,0.9955606460571289
52, realized,realized,0.04424872249364853,0.10764274582649919,VERB,other,True,positive,0.004439397249370813,0.9955606460571289
53, that,that,0.05084889009594917,0.1582248181272532,SCONJ,other,True,positive,0.004439397249370813,0.9955606460571289
54, this,this,0.05302001163363457,0.17486376325868386,DET,other,True,positive,0.004439397249370813,0.9955606460571289
55, story,story,0.03452994301915169,0.033160393911265115,NOUN,other,True,positive,0.004439397249370813,0.9955606460571289
56, was,was,0.05986228212714195,0.22730125297989434,AUX,other,True,positive,0.004439397249370813,0.9955606460571289
57, about,about,0.04193269461393356,0.08989327388559436,ADP,other,True,positive,0.004439397249370813,0.9955606460571289
58, A,A,0.12643012404441833,0.7374609331054628,PROPN,other,True,positive,0.004439397249370813,0.9955606460571289
59, Th,Th,0.06144684553146362,0.2394449598540333,UNKNOWN,other,True,positive,0.004439397249370813,0.9955606460571289
60,ous,ous,0.1525244563817978,0.9374415221543146,UNKNOWN,other,True,positive,0.004439397249370813,0.9955606460571289
61,and,and,0.07124657928943634,0.3145477256233648,CCONJ,other,True,positive,0.004439397249370813,0.9955606460571289
62, Other,Other,0.06024042144417763,0.23019922033869125,ADJ,other,True,positive,0.004439397249370813,0.9955606460571289
63, T,T,0.04690106585621834,0.12796965747722244,UNKNOWN,other,True,positive,0.004439397249370813,0.9955606460571289
64,hing,hing,0.04204493761062622,0.09075347679498445,UNKNOWN,other,True,positive,0.004439397249370813,0.9955606460571289
65,s,s,0.036537375301122665,0.04854486457078737,UNKNOWN,other,True,positive,0.004439397249370813,0.9955606460571289
66, b,b,0.04350239038467407,0.10192303884763987,UNKNOWN,other,True,positive,0.004439397249370813,0.9955606460571289
67,esides,esides,0.039581719785928726,0.0718759770693829,UNKNOWN,other,True,positive,0.004439397249370813,0.9955606460571289
68, just,just,0.05498257651925087,0.18990438115216915,ADV,other,True,positive,0.004439397249370813,0.9955606460571289
69, Ac,Ac,0.10140525549650192,0.5456764533043219,UNKNOWN,other,True,positive,0.004439397249370813,0.9955606460571289
70,res,res,0.04295430704951286,0.09772266204564788,UNKNOWN,other,True,positive,0.004439397249370813,0.9955606460571289
71,.,.,0.04813997074961662,0.1374643219566193,PUNCT,other,False,positive,0.004439397249370813,0.9955606460571289
72, I,I,0.06455498188734055,0.2632649576702656,PRON,other,True,positive,0.004439397249370813,0.9955606460571289
73, started,started,0.04655002802610397,0.12527938929419094,VERB,other,True,positive,0.004439397249370813,0.9955606460571289
74, cry,cry,0.06892454624176025,0.2967522315420705,UNKNOWN,negative_sentiment,True,positive,0.004439397249370813,0.9955606460571289
75,ing,ing,0.07411345094442368,0.3365187297049891,UNKNOWN,other,True,positive,0.004439397249370813,0.9955606460571289
76, and,and,0.042169466614723206,0.0917078366640549,CCONJ,other,True,positive,0.004439397249370813,0.9955606460571289
77, couldn't,couldn't,0.05539757385849953,0.19308481939000707,UNKNOWN,other,True,positive,0.004439397249370813,0.9955606460571289
78, stop,stop,0.10569235682487488,0.5785317506875021,VERB,other,True,positive,0.004439397249370813,0.9955606460571289
79, until,until,0.056662239134311676,0.20277690514781194,SCONJ,other,True,positive,0.004439397249370813,0.9955606460571289
80, long,long,0.06501062959432602,0.2667569303968943,ADV,other,True,positive,0.004439397249370813,0.9955606460571289
81, after,after,0.04140518605709076,0.08585057715889483,SCONJ,other,True,positive,0.004439397249370813,0.9955606460571289
82, the,the,0.041625309735536575,0.08753755126154837,DET,other,True,positive,0.004439397249370813,0.9955606460571289
83, movie,movie,0.040997978299856186,0.08272983637487483,NOUN,other,True,positive,0.004439397249370813,0.9955606460571289
84, ended,ended,0.11505745351314545,0.6503035641221386,VERB,other,True,positive,0.004439397249370813,0.9955606460571289
85,.,.,0.04209063947200775,0.09110372469715497,PUNCT,other,False,positive,0.004439397249370813,0.9955606460571289
86, Th,Th,0.0415584072470665,0.08702482693198525,UNKNOWN,other,True,positive,0.004439397249370813,0.9955606460571289
87,ank,ank,0.0613151416182518,0.23843561323410042,UNKNOWN,other,True,positive,0.004439397249370813,0.9955606460571289
88, you,you,0.05057495832443237,0.1561254719428462,PRON,other,True,positive,0.004439397249370813,0.9955606460571289
89, Jane,Jane,0.041216857731342316,0.08440727487275784,PROPN,other,True,positive,0.004439397249370813,0.9955606460571289
90,",",",",0.04632119461894035,0.12352566595814364,PUNCT,other,False,positive,0.004439397249370813,0.9955606460571289
91, L,L,0.06395413726568222,0.25866023125640203,UNKNOWN,other,True,positive,0.004439397249370813,0.9955606460571289
92,aur,aur,0.057297639548778534,0.20764645871691956,UNKNOWN,other,True,positive,0.004439397249370813,0.9955606460571289
93,a,a,0.061509869992733,0.23992796393040441,PROPN,other,True,positive,0.004439397249370813,0.9955606460571289
94, and,and,0.03551753982901573,0.04072909462473248,CCONJ,other,True,positive,0.004439397249370813,0.9955606460571289
95, Jo,Jo,0.058282721787691116,0.21519588837284168,UNKNOWN,other,True,positive,0.004439397249370813,0.9955606460571289
96,ce,ce,0.11070844531059265,0.6169738275770518,UNKNOWN,other,True,positive,0.004439397249370813,0.9955606460571289
97,lyn,lyn,0.04939036816358566,0.1470470623064267,UNKNOWN,other,True,positive,0.004439397249370813,0.9955606460571289
98,",",",",0.03515026345849037,0.037914378234531025,PUNCT,other,False,positive,0.004439397249370813,0.9955606460571289
99, for,for,0.04569879546761513,0.11875575089397365,ADP,other,True,positive,0.004439397249370813,0.9955606460571289
100, bring,bring,0.09247304499149323,0.477222173838386,UNKNOWN,other,True,positive,0.004439397249370813,0.9955606460571289
101,ing,ing,0.05266774445772171,0.17216407366974137,UNKNOWN,other,True,positive,0.004439397249370813,0.9955606460571289
102, us,us,0.04218687862157822,0.09184127803141265,PRON,other,True,positive,0.004439397249370813,0.9955606460571289
103, such,such,0.03674166277050972,0.05011047383547818,ADJ,other,True,positive,0.004439397249370813,0.9955606460571289
104, a,a,0.04591454938054085,0.1204092361810708,PROPN,other,True,positive,0.004439397249370813,0.9955606460571289
105, wonderfully,wonderfully,0.11719478666782379,0.6666835633395909,ADV,positive_sentiment,True,positive,0.004439397249370813,0.9955606460571289
106, subtle,subtle,0.05338992178440094,0.1776986642973068,ADJ,other,True,positive,0.004439397249370813,0.9955606460571289
107, and,and,0.032632652670145035,0.0186200241219396,CCONJ,other,True,positive,0.004439397249370813,0.9955606460571289
108, comp,comp,0.03429444506764412,0.03135559513529417,UNKNOWN,other,True,positive,0.004439397249370813,0.9955606460571289
109,ass,ass,0.0359797440469265,0.04427131484955321,UNKNOWN,other,True,positive,0.004439397249370813,0.9955606460571289
110,ion,ion,0.05177365988492966,0.16531202789923818,UNKNOWN,other,True,positive,0.004439397249370813,0.9955606460571289
111,ate,ate,0.04513883963227272,0.11446438615065321,UNKNOWN,other,True,positive,0.004439397249370813,0.9955606460571289
112, movie,movie,0.042943213135004044,0.09763764099472974,NOUN,other,True,positive,0.004439397249370813,0.9955606460571289
113,!,!,0.04371016100049019,0.10351534209574521,PUNCT,other,False,positive,0.004439397249370813,0.9955606460571289
114, Th,Th,0.035480745136737823,0.040447109090844466,UNKNOWN,other,True,positive,0.004439397249370813,0.9955606460571289
115,ank,ank,0.10496585816144943,0.5729640423906738,UNKNOWN,other,True,positive,0.004439397249370813,0.9955606460571289
116, you,you,0.03976348042488098,0.07326894620818318,PRON,other,True,positive,0.004439397249370813,0.9955606460571289
117, cast,cast,0.05265241488814354,0.17204659159300256,VERB,other,True,positive,0.004439397249370813,0.9955606460571289
118,",",",",0.050751250237226486,0.15747653010019994,PUNCT,other,False,positive,0.004439397249370813,0.9955606460571289
119, for,for,0.036155298352241516,0.045616720163360325,ADP,other,True,positive,0.004439397249370813,0.9955606460571289
120, being,being,0.05041004344820976,0.15486160461474166,AUX,other,True,positive,0.004439397249370813,0.9955606460571289
121, involved,involved,0.04090209677815437,0.0819950238132458,ADJ,other,True,positive,0.004439397249370813,0.9955606460571289
122, and,and,0.03778095915913582,0.05807538749207585,CCONJ,other,True,positive,0.004439397249370813,0.9955606460571289
123, portray,portray,0.03841644898056984,0.06294562625434065,UNKNOWN,other,True,positive,0.004439397249370813,0.9955606460571289
124,ing,ing,0.04907643422484398,0.14464114928361843,UNKNOWN,other,True,positive,0.004439397249370813,0.9955606460571289
125, the,the,0.05260198190808296,0.1716600855529321,DET,other,True,positive,0.004439397249370813,0.9955606460571289
126, characters,characters,0.04619191959500313,0.12253493375231372,NOUN,other,True,positive,0.004439397249370813,0.9955606460571289
127, with,with,0.06053619459271431,0.23246595350145052,ADP,other,True,positive,0.004439397249370813,0.9955606460571289
128, such,such,0.05397660657763481,0.1821948732449045,ADJ,other,True,positive,0.004439397249370813,0.9955606460571289
129, depth,depth,0.10820614546537399,0.5977968127926248,NOUN,other,True,positive,0.004439397249370813,0.9955606460571289
130, and,and,0.03176746889948845,0.01198946703948978,CCONJ,other,True,positive,0.004439397249370813,0.9955606460571289
131, g,g,0.05355503037571907,0.17896401621058522,UNKNOWN,other,True,positive,0.004439397249370813,0.9955606460571289
132,ent,ent,0.04274531826376915,0.09612102304077617,UNKNOWN,other,True,positive,0.004439397249370813,0.9955606460571289
133,l,l,0.05263350531458855,0.17190167324026231,UNKNOWN,other,True,positive,0.004439397249370813,0.9955606460571289
134,en,en,0.06783206015825272,0.2883796850563898,UNKNOWN,other,True,positive,0.004439397249370813,0.9955606460571289
135,ess,ess,0.05141709744930267,0.16257942048903692,UNKNOWN,other,True,positive,0.004439397249370813,0.9955606460571289
136,!,!,0.042950667440891266,0.09769476897420831,PUNCT,other,False,positive,0.004439397249370813,0.9955606460571289
137, I,I,0.06842198222875595,0.2929007037062198,PRON,other,True,positive,0.004439397249370813,0.9955606460571289
138, recogn,recogn,0.05051776394248009,0.1556871481702652,UNKNOWN,other,True,positive,0.004439397249370813,0.9955606460571289
139,ized,ized,0.03406265750527382,0.02957923187534555,UNKNOWN,other,True,positive,0.004439397249370813,0.9955606460571289
140, the,the,0.04924651235342026,0.1459445865165492,DET,other,True,positive,0.004439397249370813,0.9955606460571289
141, Ang,Ang,0.055429697036743164,0.19333100358143326,UNKNOWN,other,True,positive,0.004439397249370813,0.9955606460571289
142,ry,ry,0.03452714532613754,0.03313895307538885,UNKNOWN,other,True,positive,0.004439397249370813,0.9955606460571289
143, sister,sister,0.09991564601659775,0.5342604501128063,NOUN,other,True,positive,0.004439397249370813,0.9955606460571289
144,;,;,0.04880079999566078,0.14252875587951044,PUNCT,other,False,positive,0.004439397249370813,0.9955606460571289
145, the,the,0.046335265040397644,0.12363349823125237,DET,other,True,positive,0.004439397249370813,0.9955606460571289
146, R,R,0.051459331065416336,0.16290308860665242,UNKNOWN,other,True,positive,0.004439397249370813,0.9955606460571289
147,un,un,0.08509732037782669,0.42069642204552454,UNKNOWN,other,True,positive,0.004439397249370813,0.9955606460571289
148,away,away,0.08116964995861053,0.3905957153530046,UNKNOWN,other,True,positive,0.004439397249370813,0.9955606460571289
149, sister,sister,0.0453244224190712,0.11588664729692227,NOUN,other,True,positive,0.004439397249370813,0.9955606460571289
150, and,and,0.03472534567117691,0.034657912105962724,CCONJ,other,True,positive,0.004439397249370813,0.9955606460571289
151, the,the,0.0620584562420845,0.24413219494390545,DET,other,True,positive,0.004439397249370813,0.9955606460571289
152, sister,sister,0.04213995859026909,0.09148169437247577,NOUN,other,True,positive,0.004439397249370813,0.9955606460571289
153, in,in,0.03640083968639374,0.04749848897065274,ADP,other,True,positive,0.004439397249370813,0.9955606460571289
154, Den,Den,0.040339674800634384,0.0776847591586736,UNKNOWN,other,True,positive,0.004439397249370813,0.9955606460571289
155,ial,ial,0.042521312832832336,0.09440430013521574,UNKNOWN,other,True,positive,0.004439397249370813,0.9955606460571289
156,.,.,0.05494264140725136,0.18959832820863573,PUNCT,other,False,positive,0.004439397249370813,0.9955606460571289
157, I,I,0.05490987002849579,0.1893471763668201,PRON,other,True,positive,0.004439397249370813,0.9955606460571289
158, recogn,recogn,0.03965481370687485,0.07243615102507965,UNKNOWN,other,True,positive,0.004439397249370813,0.9955606460571289
159,ized,ized,0.03481946885585785,0.03537924920216751,UNKNOWN,other,True,positive,0.004439397249370813,0.9955606460571289
160, the,the,0.11568150669336319,0.6550861552597161,DET,other,True,positive,0.004439397249370813,0.9955606460571289
161, Ab,Ab,0.04504135996103287,0.11371732576133989,UNKNOWN,other,True,positive,0.004439397249370813,0.9955606460571289
162,us,us,0.07278062403202057,0.326304269813991,PRON,other,True,positive,0.004439397249370813,0.9955606460571289
163,ive,ive,0.051477815955877304,0.16304475229189616,UNKNOWN,other,True,positive,0.004439397249370813,0.9955606460571289
164, H,H,0.08524491637945175,0.4218275617491434,UNKNOWN,other,True,positive,0.004439397249370813,0.9955606460571289
165,usband,usband,0.05278514325618744,0.17306378938452796,UNKNOWN,other,True,positive,0.004439397249370813,0.9955606460571289
166, and,and,0.036942921578884125,0.05165287218197006,CCONJ,other,True,positive,0.004439397249370813,0.9955606460571289
167, why,why,0.048074871301651,0.136965415689059,SCONJ,other,True,positive,0.004439397249370813,0.9955606460571289
168, he,he,0.1227811947464943,0.7094964302792623,PRON,other,True,positive,0.004439397249370813,0.9955606460571289
169, was,was,0.04966502636671066,0.14915197568523564,AUX,other,True,positive,0.004439397249370813,0.9955606460571289
170, there,there,0.05041422322392464,0.15489363739483908,ADV,other,True,positive,0.004439397249370813,0.9955606460571289
171, and,and,0.03869304433465004,0.06506538548488815,CCONJ,other,True,positive,0.004439397249370813,0.9955606460571289
172, then,then,0.08478953689336777,0.4183376446019862,ADV,other,True,positive,0.004439397249370813,0.9955606460571289
173, the,the,0.04054802656173706,0.0792815161623005,DET,other,True,positive,0.004439397249370813,0.9955606460571289
174, F,F,0.09745389968156815,0.5153942275245831,UNKNOWN,other,True,positive,0.004439397249370813,0.9955606460571289
175,ather,ather,0.08255695551633835,0.4012276862744348,UNKNOWN,other,True,positive,0.004439397249370813,0.9955606460571289
176,",",",",0.05464665964245796,0.18732999626184307,PUNCT,other,False,positive,0.004439397249370813,0.9955606460571289
177, oh,oh,0.08267372101545334,0.40212254853769147,INTJ,other,True,positive,0.004439397249370813,0.9955606460571289
178, oh,oh,0.06787896901369095,0.288739183066182,INTJ,other,True,positive,0.004439397249370813,0.9955606460571289
179, the,the,0.03382997214794159,0.0277959881341104,DET,other,True,positive,0.004439397249370813,0.9955606460571289
180, F,F,0.050755567848682404,0.157509619219748,UNKNOWN,other,True,positive,0.004439397249370813,0.9955606460571289
181,ather,ather,0.062905453145504,0.25062337231830206,UNKNOWN,other,True,positive,0.004439397249370813,0.9955606460571289
182,.,.,0.04672498255968094,0.1266201981039021,PUNCT,other,False,positive,0.004439397249370813,0.9955606460571289
183,.,.,0.046554453670978546,0.12531330635547058,PUNCT,other,False,positive,0.004439397249370813,0.9955606460571289
184,.,.,0.04599800333380699,0.12104880689385397,PUNCT,other,False,positive,0.004439397249370813,0.9955606460571289
185, all,all,0.04454055801033974,0.10987930194062832,PRON,other,True,positive,0.004439397249370813,0.9955606460571289
186, superb,superb,0.0463690347969532,0.12389230139665633,UNKNOWN,positive_sentiment,True,positive,0.004439397249370813,0.9955606460571289
187,ly,ly,0.045460477471351624,0.11692933998383714,UNKNOWN,other,True,positive,0.004439397249370813,0.9955606460571289
188, played,played,0.06198294088244438,0.2435534636735355,VERB,other,True,positive,0.004439397249370813,0.9955606460571289
189,.,.,0.048955854028463364,0.14371705211232275,PUNCT,other,False,positive,0.004439397249370813,0.9955606460571289
190, I,I,0.10801049321889877,0.5962973817670301,PRON,other,True,positive,0.004439397249370813,0.9955606460571289
191, also,also,0.044052984565496445,0.10614265815746221,ADV,other,True,positive,0.004439397249370813,0.9955606460571289
192, recogn,recogn,0.03650332987308502,0.04828394872648215,UNKNOWN,other,True,positive,0.004439397249370813,0.9955606460571289
193,ized,ized,0.0813603475689888,0.3920571752578064,UNKNOWN,other,True,positive,0.004439397249370813,0.9955606460571289
194, myself,myself,0.06663645803928375,0.2792168824627795,PRON,other,True,positive,0.004439397249370813,0.9955606460571289
195, and,and,0.03474479913711548,0.03480699871707574,CCONJ,other,True,positive,0.004439397249370813,0.9955606460571289
196, this,this,0.06031017377972603,0.23073378520013899,DET,other,True,positive,0.004439397249370813,0.9955606460571289
197, movie,movie,0.07052600383758545,0.3090254113731986,NOUN,other,True,positive,0.004439397249370813,0.9955606460571289
198, was,was,0.05197833105921745,0.16688057778456183,AUX,other,True,positive,0.004439397249370813,0.9955606460571289
199, an,an,0.04256307706236839,0.09472437098875613,DET,other,True,positive,0.004439397249370813,0.9955606460571289
200, eye,eye,0.04826312139630318,0.13840811843118345,NOUN,other,True,positive,0.004439397249370813,0.9955606460571289
201,-,-,0.0505698099732399,0.1560860162368795,PUNCT,other,False,positive,0.004439397249370813,0.9955606460571289
202,op,op,0.044466953724622726,0.10931521667399276,UNKNOWN,other,True,positive,0.004439397249370813,0.9955606460571289
203,ener,ener,0.042118098586797714,0.09131416464554908,UNKNOWN,other,True,positive,0.004439397249370813,0.9955606460571289
204,",",",",0.05499282851815224,0.189982949967524,PUNCT,other,False,positive,0.004439397249370813,0.9955606460571289
205, a,a,0.040865249931812286,0.08171263858334944,PROPN,other,True,positive,0.004439397249370813,0.9955606460571289
206, relie,relie,0.045054469257593155,0.11381779220800911,UNKNOWN,other,True,positive,0.004439397249370813,0.9955606460571289
207,f,f,0.10512899607419968,0.5742142915047797,UNKNOWN,other,True,positive,0.004439397249370813,0.9955606460571289
208,",",",",0.05824616178870201,0.21491570147099123,PUNCT,other,False,positive,0.004439397249370813,0.9955606460571289
209, a,a,0.03852017968893051,0.06374059306522573,PROPN,other,True,positive,0.004439397249370813,0.9955606460571289
210, chance,chance,0.08631658554077148,0.4300405724280643,NOUN,other,True,positive,0.004439397249370813,0.9955606460571289
211, to,to,0.05522121489048004,0.1917332473377855,PART,other,True,positive,0.004439397249370813,0.9955606460571289
212, face,face,0.046683136373758316,0.1262994991566343,VERB,other,True,positive,0.004439397249370813,0.9955606460571289
213, my,my,0.08732064813375473,0.43773546288130943,PRON,other,True,positive,0.004439397249370813,0.9955606460571289
214, O,O,0.03447689488530159,0.03275384597134759,UNKNOWN,other,True,positive,0.004439397249370813,0.9955606460571289
215,W,W,0.04346979036927223,0.1016732002927088,UNKNOWN,other,True,positive,0.004439397249370813,0.9955606460571289
216,N,N,0.10695026814937592,0.5881720758122262,UNKNOWN,other,True,positive,0.004439397249370813,0.9955606460571289
217, truth,truth,0.16068735718727112,1.0,NOUN,other,True,positive,0.004439397249370813,0.9955606460571289
218, and,and,0.03718213364481926,0.0534861350236782,CCONJ,other,True,positive,0.004439397249370813,0.9955606460571289
219, finally,finally,0.03953780606389046,0.07153943303035568,ADV,other,True,positive,0.004439397249370813,0.9955606460571289
220, doing,doing,0.0655425488948822,0.2708334299860139,VERB,other,True,positive,0.004439397249370813,0.9955606460571289
221, something,something,0.05662268027663231,0.20247373572548158,PRON,other,True,positive,0.004439397249370813,0.9955606460571289
222, about,about,0.08596436679363251,0.4273412539854153,ADP,other,True,positive,0.004439397249370813,0.9955606460571289
223, it,it,0.047492653131484985,0.13250343784960464,PRON,other,True,positive,0.004439397249370813,0.9955606460571289
224,.,.,0.05619921535253525,0.1992284039857172,PUNCT,other,False,positive,0.004439397249370813,0.9955606460571289
225, I,I,0.043136660009622574,0.09912017058911438,PRON,other,True,positive,0.004439397249370813,0.9955606460571289
226, truly,truly,0.057494185864925385,0.2091527416740859,ADV,other,True,positive,0.004439397249370813,0.9955606460571289
227, hope,hope,0.05106649920344353,0.1598925211723615,VERB,other,True,positive,0.004439397249370813,0.9955606460571289
228, A,A,0.047777850180864334,0.13468911837181433,PROPN,other,True,positive,0.004439397249370813,0.9955606460571289
229, Th,Th,0.051205914467573166,0.1609609657020998,UNKNOWN,other,True,positive,0.004439397249370813,0.9955606460571289
230,ous,ous,0.08582326024770737,0.4262598478851206,UNKNOWN,other,True,positive,0.004439397249370813,0.9955606460571289
231,and,and,0.13974404335021973,0.8394955585137184,CCONJ,other,True,positive,0.004439397249370813,0.9955606460571289
232, Ac,Ac,0.07472024112939835,0.3411690214638041,UNKNOWN,other,True,positive,0.004439397249370813,0.9955606460571289
233,res,res,0.04454563930630684,0.10991824375172717,UNKNOWN,other,True,positive,0.004439397249370813,0.9955606460571289
234, has,has,0.04901363328099251,0.1441598581901402,AUX,other,True,positive,0.004439397249370813,0.9955606460571289
235, had,had,0.04267549887299538,0.09558594428446057,VERB,other,True,positive,0.004439397249370813,0.9955606460571289
236, the,the,0.03584234416484833,0.04321831571556599,DET,other,True,positive,0.004439397249370813,0.9955606460571289
237, same,same,0.045068804174661636,0.11392765151087446,ADJ,other,True,positive,0.004439397249370813,0.9955606460571289
238, effect,effect,0.04750595614314079,0.1326053888814477,NOUN,other,True,positive,0.004439397249370813,0.9955606460571289
239, on,on,0.12456322461366653,0.7231534718901435,ADP,other,True,positive,0.004439397249370813,0.9955606460571289
240, some,some,0.1306237280368805,0.7695996897445384,DET,other,True,positive,0.004439397249370813,0.9955606460571289
241, others,others,0.043478239327669144,0.10173795104606084,NOUN,other,True,positive,0.004439397249370813,0.9955606460571289
242, out,out,0.09216570109128952,0.4748667652612037,ADV,other,True,positive,0.004439397249370813,0.9955606460571289
243, there,there,0.07041735202074051,0.3081927303889546,ADV,other,True,positive,0.004439397249370813,0.9955606460571289
244,.,.,0.05056404694914818,0.15604184982795727,PUNCT,other,False,positive,0.004439397249370813,0.9955606460571289
245, S,S,0.04658164829015732,0.12552171927410807,UNKNOWN,other,True,positive,0.004439397249370813,0.9955606460571289
246,ince,ince,0.03676517307758331,0.05029065108609753,UNKNOWN,other,True,positive,0.004439397249370813,0.9955606460571289
247, I,I,0.0649249255657196,0.26610011565632247,PRON,other,True,positive,0.004439397249370813,0.9955606460571289
248, didn't,didn't,0.12087882310152054,0.694917118678838,UNKNOWN,other,True,positive,0.004439397249370813,0.9955606460571289
249, understand,understand,0.03373274207115173,0.02705084057569415,VERB,other,True,positive,0.004439397249370813,0.9955606460571289
250, why,why,0.07696450501680374,0.358368511697225,SCONJ,other,True,positive,0.004439397249370813,0.9955606460571289
251, the,the,0.03601587191224098,0.04454818998447738,DET,other,True,positive,0.004439397249370813,0.9955606460571289
252, cover,cover,0.08633940666913986,0.4302154679814305,NOUN,other,True,positive,0.004439397249370813,0.9955606460571289
253, said,said,0.08164753019809723,0.39425807277804814,VERB,other,True,positive,0.004439397249370813,0.9955606460571289
254, the,the,0.10579802095890045,0.5793415348004108,DET,other,True,positive,0.004439397249370813,0.9955606460571289
255, f,f,0.04398224130272865,0.10560049907185591,UNKNOWN,other,True,positive,0.004439397249370813,0.9955606460571289
0,This,This,0.052594710141420364,0.03184176359989797,PRON,other,True,positive,0.3012375831604004,0.6987624168395996
1, is,is,0.11456762254238129,0.39100869681428424,VERB,other,True,positive,0.3012375831604004,0.6987624168395996
2, the,the,0.08791708946228027,0.23655427690614364,DET,other,True,positive,0.3012375831604004,0.6987624168395996
3, l,l,0.07681611180305481,0.17221803794178597,UNKNOWN,other,True,positive,0.3012375831604004,0.6987624168395996
4,at,at,0.09373436868190765,0.270268592661505,ADV,other,True,positive,0.3012375831604004,0.6987624168395996
5,est,est,0.11302722245454788,0.3820812355407083,UNKNOWN,other,True,positive,0.3012375831604004,0.6987624168395996
6, ent,ent,0.06429031491279602,0.09962419200417294,UNKNOWN,other,True,positive,0.3012375831604004,0.6987624168395996
7,ry,ry,0.07851327210664749,0.182054010430391,UNKNOWN,other,True,positive,0.3012375831604004,0.6987624168395996
8, in,in,0.0612340047955513,0.08191120274427385,ADP,other,True,positive,0.3012375831604004,0.6987624168395996
9, the,the,0.09459538757801056,0.2752586682343955,DET,other,True,positive,0.3012375831604004,0.6987624168395996
10, long,long,0.07522182911634445,0.1629782975281392,ADV,other,True,positive,0.3012375831604004,0.6987624168395996
11, series,series,0.0988764762878418,0.30006991952399886,NOUN,other,True,positive,0.3012375831604004,0.6987624168395996
12, of,of,0.07098432630300522,0.1384196503548818,ADP,other,True,positive,0.3012375831604004,0.6987624168395996
13, films,films,0.09459757804870605,0.275271363210499,NOUN,other,True,positive,0.3012375831604004,0.6987624168395996
14, with,with,0.07378869503736496,0.15467250146191933,SCONJ,other,True,positive,0.3012375831604004,0.6987624168395996
15, the,the,0.053535882383584976,0.03729637166572012,DET,other,True,positive,0.3012375831604004,0.6987624168395996
16, French,French,0.06473171710968018,0.10218235922960926,ADJ,other,True,positive,0.3012375831604004,0.6987624168395996
17, agent,agent,0.07170581072568893,0.14260104731393844,NOUN,other,True,positive,0.3012375831604004,0.6987624168395996
18,",",",",0.10792086273431778,0.35248708723380895,PUNCT,other,False,positive,0.3012375831604004,0.6987624168395996
19, O,O,0.052321452647447586,0.030258086921076434,UNKNOWN,other,True,positive,0.3012375831604004,0.6987624168395996
20,.,.,0.08020512014627457,0.1918591954429354,PUNCT,other,False,positive,0.3012375831604004,0.6987624168395996
21,S,S,0.06591544300317764,0.1090426984078492,UNKNOWN,other,True,positive,0.3012375831604004,0.6987624168395996
22,.,.,0.08039440214633942,0.19295618819093027,PUNCT,other,False,positive,0.3012375831604004,0.6987624168395996
23,S,S,0.057485926896333694,0.06018904071643709,UNKNOWN,other,True,positive,0.3012375831604004,0.6987624168395996
24,.,.,0.04821981489658356,0.006486852117669906,PUNCT,other,False,positive,0.3012375831604004,0.6987624168395996
25, 11,11,0.0924643725156784,0.26290827005366324,UNKNOWN,other,True,positive,0.3012375831604004,0.6987624168395996
26,7,7,0.06792658567428589,0.12069837049834366,UNKNOWN,other,True,positive,0.3012375831604004,0.6987624168395996
27, (,(,0.10092730075120926,0.3119555693108452,PUNCT,other,False,positive,0.3012375831604004,0.6987624168395996
28,the,the,0.06334496289491653,0.09414535985129606,DET,other,True,positive,0.3012375831604004,0.6987624168395996
29, French,French,0.051484473049640656,0.025407332233893708,ADJ,other,True,positive,0.3012375831604004,0.6987624168395996
30, answer,answer,0.06456856429576874,0.10123679941084948,NOUN,other,True,positive,0.3012375831604004,0.6987624168395996
31, to,to,0.0891161561012268,0.24350352409729922,PART,other,True,positive,0.3012375831604004,0.6987624168395996
32, James,James,0.053624022752046585,0.037807193323219815,PROPN,other,True,positive,0.3012375831604004,0.6987624168395996
33, Bond,Bond,0.21174713969230652,0.9542171663496342,PROPN,other,True,positive,0.3012375831604004,0.6987624168395996
34,),),0.09912937879562378,0.30153562792147726,PUNCT,other,False,positive,0.3012375831604004,0.6987624168395996
35,.,.,0.07115495204925537,0.13940851990504244,PUNCT,other,False,positive,0.3012375831604004,0.6987624168395996
36, The,The,0.06903458386659622,0.127119826217004,DET,other,True,positive,0.3012375831604004,0.6987624168395996
37, series,series,0.10185331106185913,0.31732230568833164,NOUN,other,True,positive,0.3012375831604004,0.6987624168395996
38, was,was,0.07800321280956268,0.17909793774647118,AUX,other,True,positive,0.3012375831604004,0.6987624168395996
39, la,la,0.08402077108621597,0.2139729802114901,UNKNOWN,other,True,positive,0.3012375831604004,0.6987624168395996
40,un,un,0.1404164582490921,0.54081684182891,UNKNOWN,other,True,positive,0.3012375831604004,0.6987624168395996
41,ched,ched,0.07786648720502853,0.17830553806457963,UNKNOWN,other,True,positive,0.3012375831604004,0.6987624168395996
42, in,in,0.06695930659770966,0.11509245904385887,ADP,other,True,positive,0.3012375831604004,0.6987624168395996
43, the,the,0.07758080959320068,0.17664988000764723,DET,other,True,positive,0.3012375831604004,0.6987624168395996
44, early,early,0.12678611278533936,0.4618215326009901,ADJ,other,True,positive,0.3012375831604004,0.6987624168395996
45, 195,195,0.07583288103342056,0.16651967769873763,UNKNOWN,other,True,positive,0.3012375831604004,0.6987624168395996
46,0's,0's,0.06803994625806808,0.12135535710179741,UNKNOWN,other,True,positive,0.3012375831604004,0.6987624168395996
47,",",",",0.08152132481336594,0.1994873215942947,PUNCT,other,False,positive,0.3012375831604004,0.6987624168395996
48, and,and,0.08981271088123322,0.24754044013784413,CCONJ,other,True,positive,0.3012375831604004,0.6987624168395996
49, sp,sp,0.1103680282831192,0.36666975045196165,UNKNOWN,other,True,positive,0.3012375831604004,0.6987624168395996
50,awn,awn,0.0996166318655014,0.3043595260412714,UNKNOWN,other,True,positive,0.3012375831604004,0.6987624168395996
51,ed,ed,0.05960691720247269,0.07248133995040972,UNKNOWN,other,True,positive,0.3012375831604004,0.6987624168395996
52, at,at,0.0919589102268219,0.2599788395474846,ADV,other,True,positive,0.3012375831604004,0.6987624168395996
53, least,least,0.21964679658412933,1.0,ADV,other,True,positive,0.3012375831604004,0.6987624168395996
54, eight,eight,0.07836638391017914,0.18120271296820956,NUM,other,True,positive,0.3012375831604004,0.6987624168395996
55, films,films,0.08544566482305527,0.22223101898665376,NOUN,other,True,positive,0.3012375831604004,0.6987624168395996
56, (,(,0.10609856992959976,0.3419259034402414,PUNCT,other,False,positive,0.3012375831604004,0.6987624168395996
57,n,n,0.05887913331389427,0.06826343414000767,UNKNOWN,other,True,positive,0.3012375831604004,0.6987624168395996
58,one,one,0.05505241081118584,0.046085483607881984,UNKNOWN,other,True,positive,0.3012375831604004,0.6987624168395996
59, of,of,0.07099214941263199,0.13846498955525158,ADP,other,True,positive,0.3012375831604004,0.6987624168395996
60, which,which,0.104556605219841,0.3329893743265914,PRON,other,True,positive,0.3012375831604004,0.6987624168395996
61, was,was,0.06561107188463211,0.10727870125212838,AUX,other,True,positive,0.3012375831604004,0.6987624168395996
62, ever,ever,0.05389442294836044,0.039374310398858664,ADV,other,True,positive,0.3012375831604004,0.6987624168395996
63, released,released,0.12432713061571121,0.4475703856001836,VERB,other,True,positive,0.3012375831604004,0.6987624168395996
64, in,in,0.08523638546466827,0.2210181306064755,ADP,other,True,positive,0.3012375831604004,0.6987624168395996
65, the,the,0.05807703733444214,0.0636148491062834,DET,other,True,positive,0.3012375831604004,0.6987624168395996
66, U,U,0.107061468064785,0.34750642494251904,UNKNOWN,other,True,positive,0.3012375831604004,0.6987624168395996
67,.,.,0.07630673050880432,0.16926589465523154,PUNCT,other,False,positive,0.3012375831604004,0.6987624168395996
68,S,S,0.07141997665166855,0.14094448247299862,UNKNOWN,other,True,positive,0.3012375831604004,0.6987624168395996
69,.,.,0.09166529774665833,0.2582771945873199,PUNCT,other,False,positive,0.3012375831604004,0.6987624168395996
70,),),0.07556869089603424,0.16498855131215423,PUNCT,other,False,positive,0.3012375831604004,0.6987624168395996
71,.,.,0.0699615478515625,0.13249208965891643,PUNCT,other,False,positive,0.3012375831604004,0.6987624168395996
72, ',',0.09926201403141022,0.302304321678604,PART,other,False,positive,0.3012375831604004,0.6987624168395996
73,O,O,0.1315923035144806,0.4896760373797958,UNKNOWN,other,True,positive,0.3012375831604004,0.6987624168395996
74,.,.,0.08535538613796234,0.22170780461438633,PUNCT,other,False,positive,0.3012375831604004,0.6987624168395996
75,S,S,0.06729470938444138,0.1170363016943799,UNKNOWN,other,True,positive,0.3012375831604004,0.6987624168395996
76,.,.,0.10406484454870224,0.3301393521913461,PUNCT,other,False,positive,0.3012375831604004,0.6987624168395996
77,S,S,0.0782986730337143,0.18081029139396126,UNKNOWN,other,True,positive,0.3012375831604004,0.6987624168395996
78,.,.,0.08022169023752213,0.19195522818733768,PUNCT,other,False,positive,0.3012375831604004,0.6987624168395996
79,1,1,0.12313877791166306,0.44068323152343924,UNKNOWN,other,True,positive,0.3012375831604004,0.6987624168395996
80,1,1,0.13808010518550873,0.5272763975889477,UNKNOWN,other,True,positive,0.3012375831604004,0.6987624168395996
81,7,7,0.07347097247838974,0.15283112540423405,UNKNOWN,other,True,positive,0.3012375831604004,0.6987624168395996
82,:,:,0.0823495015501976,0.2042870588860137,PUNCT,other,False,positive,0.3012375831604004,0.6987624168395996
83,C,C,0.08297988772392273,0.20794049165181178,UNKNOWN,other,True,positive,0.3012375831604004,0.6987624168395996
84,air,air,0.10049458593130112,0.3094477501879148,UNKNOWN,other,True,positive,0.3012375831604004,0.6987624168395996
85,o,o,0.07204663008451462,0.1445762819631917,UNKNOWN,other,True,positive,0.3012375831604004,0.6987624168395996
86,",",",",0.06504924595355988,0.104022612602333,PUNCT,other,False,positive,0.3012375831604004,0.6987624168395996
87,N,N,0.08626630157232285,0.22698705792525445,UNKNOWN,other,True,positive,0.3012375831604004,0.6987624168395996
88,est,est,0.09233666956424713,0.2621681615828649,UNKNOWN,other,True,positive,0.3012375831604004,0.6987624168395996
89, Of,Of,0.0808357521891594,0.19551405315503081,ADP,other,True,positive,0.3012375831604004,0.6987624168395996
90, Sp,Sp,0.08467041701078415,0.21773803377057954,UNKNOWN,other,True,positive,0.3012375831604004,0.6987624168395996
91,ies,ies,0.09710231423377991,0.28978767976318254,UNKNOWN,other,True,positive,0.3012375831604004,0.6987624168395996
92,',',0.08150944113731384,0.19941844918992344,PART,other,False,positive,0.3012375831604004,0.6987624168395996
93, is,is,0.07447357475757599,0.15864175414343618,VERB,other,True,positive,0.3012375831604004,0.6987624168395996
94, a,a,0.062381893396377563,0.0885638452046293,DET,other,True,positive,0.3012375831604004,0.6987624168395996
95, b,b,0.09341339766979218,0.2684083900406185,UNKNOWN,other,True,positive,0.3012375831604004,0.6987624168395996
96,ree,ree,0.07319322228431702,0.151221411070343,UNKNOWN,other,True,positive,0.3012375831604004,0.6987624168395996
97,zy,zy,0.04769102856516838,0.0034222460241029665,UNKNOWN,other,True,positive,0.3012375831604004,0.6987624168395996
98, little,little,0.0556395947933197,0.04948853603716174,ADJ,other,True,positive,0.3012375831604004,0.6987624168395996
99, comedy,comedy,0.07537621259689331,0.16387303426229397,NOUN,other,True,positive,0.3012375831604004,0.6987624168395996
100, that,that,0.09178392589092255,0.2589647095856893,PRON,other,True,positive,0.3012375831604004,0.6987624168395996
101, should,should,0.0649929791688919,0.10369651580119711,AUX,other,True,positive,0.3012375831604004,0.6987624168395996
102, not,not,0.10360343009233475,0.32746520297334475,PART,other,True,positive,0.3012375831604004,0.6987624168395996
103,.,.,0.05782219395041466,0.0621378922690942,PUNCT,other,False,positive,0.3012375831604004,0.6987624168395996
104,.,.,0.07489857077598572,0.16110483858866842,PUNCT,other,False,positive,0.3012375831604004,0.6987624168395996
105,.,.,0.056513648480176926,0.05455415535390647,PUNCT,other,False,positive,0.3012375831604004,0.6987624168395996
106,re,re,0.06937015801668167,0.12906466201191405,UNKNOWN,other,True,positive,0.3012375831604004,0.6987624168395996
107,pe,pe,0.05936678498983383,0.07108964240001114,UNKNOWN,other,True,positive,0.3012375831604004,0.6987624168395996
108,at,at,0.06081228330731392,0.07946709599291067,ADV,other,True,positive,0.3012375831604004,0.6987624168395996
109, NOT,NOT,0.10564883053302765,0.3393194175812681,PART,other,True,positive,0.3012375831604004,0.6987624168395996
110,",",",",0.054608140140771866,0.04351069200897673,PUNCT,other,False,positive,0.3012375831604004,0.6987624168395996
111, be,be,0.09071456640958786,0.25276718633666495,AUX,other,True,positive,0.3012375831604004,0.6987624168395996
112, taken,taken,0.0618966743350029,0.08575173527693129,VERB,other,True,positive,0.3012375831604004,0.6987624168395996
113, too,too,0.06189316138625145,0.08573137581695571,ADV,other,True,positive,0.3012375831604004,0.6987624168395996
114, seriously,seriously,0.049846094101667404,0.015912029860829166,ADV,other,True,positive,0.3012375831604004,0.6987624168395996
115,.,.,0.06073339655995369,0.07900990413241983,PUNCT,other,False,positive,0.3012375831604004,0.6987624168395996
116, O,O,0.08252693712711334,0.20531539513059147,UNKNOWN,other,True,positive,0.3012375831604004,0.6987624168395996
117,ur,ur,0.11409316211938858,0.38825893908214243,UNKNOWN,other,True,positive,0.3012375831604004,0.6987624168395996
118, protagon,protagon,0.05640462413430214,0.05392229962151483,UNKNOWN,other,True,positive,0.3012375831604004,0.6987624168395996
119,ist,ist,0.14452362060546875,0.5646200947438157,UNKNOWN,other,True,positive,0.3012375831604004,0.6987624168395996
120, finds,finds,0.07128459960222244,0.14015989840564702,VERB,other,True,positive,0.3012375831604004,0.6987624168395996
121, himself,himself,0.06411708146333694,0.09862020938722235,PRON,other,True,positive,0.3012375831604004,0.6987624168395996
122, in,in,0.11779476702213287,0.4097117646696872,ADP,other,True,positive,0.3012375831604004,0.6987624168395996
123, the,the,0.050529707223176956,0.019873941909905178,DET,other,True,positive,0.3012375831604004,0.6987624168395996
124, middle,middle,0.09564347565174103,0.28133291203860483,NOUN,other,True,positive,0.3012375831604004,0.6987624168395996
125, of,of,0.05275097116827965,0.0327473817421415,ADP,other,True,positive,0.3012375831604004,0.6987624168395996
126, a,a,0.05842506140470505,0.06563183900006768,DET,other,True,positive,0.3012375831604004,0.6987624168395996
127, sp,sp,0.16050955653190613,0.6572673394644166,UNKNOWN,other,True,positive,0.3012375831604004,0.6987624168395996
128,y,y,0.08940555900335312,0.24518077224964585,UNKNOWN,other,True,positive,0.3012375831604004,0.6987624168395996
129, chase,chase,0.11620527505874634,0.40049978911874307,NOUN,other,True,positive,0.3012375831604004,0.6987624168395996
130, in,in,0.0656510666012764,0.1075104925164951,ADP,other,True,positive,0.3012375831604004,0.6987624168395996
131, E,E,0.09089070558547974,0.25378800922803857,UNKNOWN,other,True,positive,0.3012375831604004,0.6987624168395996
132,gy,gy,0.1086537316441536,0.3567344635244514,UNKNOWN,other,True,positive,0.3012375831604004,0.6987624168395996
133,pt,pt,0.09570526331663132,0.28169100536114455,UNKNOWN,other,True,positive,0.3012375831604004,0.6987624168395996
134, (,(,0.06574136018753052,0.1080337932491442,PUNCT,other,False,positive,0.3012375831604004,0.6987624168395996
135,with,with,0.05962872505187988,0.07260772836896437,SCONJ,other,True,positive,0.3012375831604004,0.6987624168395996
136, Mor,Mor,0.05632193014025688,0.05344304268351068,UNKNOWN,other,True,positive,0.3012375831604004,0.6987624168395996
137,ro,ro,0.09309026598930359,0.26653566516439187,UNKNOWN,other,True,positive,0.3012375831604004,0.6987624168395996
138,co,co,0.056512873619794846,0.054549664614060314,UNKNOWN,other,True,positive,0.3012375831604004,0.6987624168395996
139, doing,doing,0.0653647780418396,0.10585129368391474,VERB,other,True,positive,0.3012375831604004,0.6987624168395996
140, stand,stand,0.08485717326402664,0.21882038843388363,NOUN,other,True,positive,0.3012375831604004,0.6987624168395996
141, in,in,0.060626138001680374,0.07838828210525452,ADP,other,True,positive,0.3012375831604004,0.6987624168395996
142, for,for,0.060711994767189026,0.07888586903426531,ADP,other,True,positive,0.3012375831604004,0.6987624168395996
143, E,E,0.09082949161529541,0.25343324078019264,UNKNOWN,other,True,positive,0.3012375831604004,0.6987624168395996
144,gy,gy,0.06358040869235992,0.09550989706166357,UNKNOWN,other,True,positive,0.3012375831604004,0.6987624168395996
145,pt,pt,0.12841211259365082,0.4712450910869933,UNKNOWN,other,True,positive,0.3012375831604004,0.6987624168395996
146,),),0.0638691633939743,0.09718338853740813,PUNCT,other,False,positive,0.3012375831604004,0.6987624168395996
147, to,to,0.051268137991428375,0.024153552213000973,PART,other,True,positive,0.3012375831604004,0.6987624168395996
148, find,find,0.11708340793848038,0.40558904958996633,VERB,other,True,positive,0.3012375831604004,0.6987624168395996
149, out,out,0.08400272578001022,0.21386839778930378,ADP,other,True,positive,0.3012375831604004,0.6987624168395996
150, about,about,0.07750237733125687,0.1761953221387969,ADP,other,True,positive,0.3012375831604004,0.6987624168395996
151, a,a,0.07828763127326965,0.1807462983511536,DET,other,True,positive,0.3012375831604004,0.6987624168395996
152, long,long,0.08724852651357651,0.23267958884254095,ADV,other,True,positive,0.3012375831604004,0.6987624168395996
153, lost,lost,0.07892733067274094,0.1844537063554872,VERB,negative_sentiment,True,positive,0.3012375831604004,0.6987624168395996
154, friend,friend,0.09863358736038208,0.2986622453029938,NOUN,other,True,positive,0.3012375831604004,0.6987624168395996
155,.,.,0.05097697302699089,0.022466091945523438,PUNCT,other,False,positive,0.3012375831604004,0.6987624168395996
156, What,What,0.08083909004926682,0.19553339788052193,PRON,other,True,positive,0.3012375831604004,0.6987624168395996
157, follows,follows,0.07320444285869598,0.15128644043773054,VERB,other,True,positive,0.3012375831604004,0.6987624168395996
158, is,is,0.060476887971162796,0.07752329652258048,VERB,other,True,positive,0.3012375831604004,0.6987624168395996
159, the,the,0.04780320078134537,0.004072345387119586,DET,other,True,positive,0.3012375831604004,0.6987624168395996
160, standard,standard,0.1075325757265091,0.35023675158878814,ADJ,other,True,positive,0.3012375831604004,0.6987624168395996
161, James,James,0.0861675962805748,0.22641500675716011,PROPN,other,True,positive,0.3012375831604004,0.6987624168395996
162, Bond,Bond,0.13855545222759247,0.5300312937637981,PROPN,other,True,positive,0.3012375831604004,0.6987624168395996
163,/,/,0.05431407317519188,0.041806413057171546,SYM,other,True,positive,0.3012375831604004,0.6987624168395996
164,In,In,0.07410877197980881,0.1565275224599064,ADP,other,True,positive,0.3012375831604004,0.6987624168395996
165,spect,spect,0.09452927857637405,0.2748755304011753,UNKNOWN,other,True,positive,0.3012375831604004,0.6987624168395996
166,or,or,0.07700884342193604,0.17333502311813442,UNKNOWN,other,True,positive,0.3012375831604004,0.6987624168395996
167, Cl,Cl,0.06039566174149513,0.07705254608216953,UNKNOWN,other,True,positive,0.3012375831604004,0.6987624168395996
168,ous,ous,0.08937807381153107,0.24502148052567996,UNKNOWN,other,True,positive,0.3012375831604004,0.6987624168395996
169,s,s,0.09639549255371094,0.28569126141967616,UNKNOWN,other,True,positive,0.3012375831604004,0.6987624168395996
170,ou,ou,0.07990533113479614,0.190121754104574,UNKNOWN,other,True,positive,0.3012375831604004,0.6987624168395996
171, kind,kind,0.0634625032544136,0.09482657054180453,NOUN,other,True,positive,0.3012375831604004,0.6987624168395996
172, of,of,0.07639949023723602,0.16980348803104484,ADP,other,True,positive,0.3012375831604004,0.6987624168395996
173, ant,ant,0.06876221299171448,0.12554128798089104,UNKNOWN,other,True,positive,0.3012375831604004,0.6987624168395996
174,ics,ics,0.1110466718673706,0.37060286131375514,UNKNOWN,other,True,positive,0.3012375831604004,0.6987624168395996
175,.,.,0.07026012241840363,0.13422249262617278,PUNCT,other,False,positive,0.3012375831604004,0.6987624168395996
176, Although,Although,0.07850917428731918,0.1820302613254354,SCONJ,other,True,positive,0.3012375831604004,0.6987624168395996
177, our,our,0.08457774668931961,0.2172009585570562,PRON,other,True,positive,0.3012375831604004,0.6987624168395996
178, man,man,0.06807638704776764,0.121566551415139,NOUN,other,True,positive,0.3012375831604004,0.6987624168395996
179, is,is,0.06470135599374771,0.10200639995198363,VERB,other,True,positive,0.3012375831604004,0.6987624168395996
180, something,something,0.08458541333675385,0.2172453909734186,PRON,other,True,positive,0.3012375831604004,0.6987624168395996
181, of,of,0.0762333869934082,0.168840828856717,ADP,other,True,positive,0.3012375831604004,0.6987624168395996
182, an,an,0.08906351029872894,0.24319841286890592,DET,other,True,positive,0.3012375831604004,0.6987624168395996
183, over,over,0.08578165620565414,0.22417827287225023,UNKNOWN,other,True,positive,0.3012375831604004,0.6987624168395996
184,t,t,0.08666373044252396,0.2292903756644217,UNKNOWN,other,True,positive,0.3012375831604004,0.6987624168395996
185, ,,0.07030598074197769,0.13448826670072145,UNKNOWN,other,False,positive,0.3012375831604004,0.6987624168395996
186,x,x,0.07191521674394608,0.1438146697573608,UNKNOWN,other,True,positive,0.3012375831604004,0.6987624168395996
187,en,en,0.08579902350902557,0.22427892589707116,UNKNOWN,other,True,positive,0.3012375831604004,0.6987624168395996
188,oph,oph,0.06938033550977707,0.12912364615258562,UNKNOWN,other,True,positive,0.3012375831604004,0.6987624168395996
189,ob,ob,0.05298757925629616,0.03411865506227825,UNKNOWN,other,True,positive,0.3012375831604004,0.6987624168395996
190,e,e,0.06142030656337738,0.0829909234159374,UNKNOWN,other,True,positive,0.3012375831604004,0.6987624168395996
191,",",",",0.05904952436685562,0.06925094351415723,PUNCT,other,False,positive,0.3012375831604004,0.6987624168395996
192,se,se,0.06002532318234444,0.07490623151685426,UNKNOWN,other,True,positive,0.3012375831604004,0.6987624168395996
193,x,x,0.061563245952129364,0.0838193353769798,UNKNOWN,other,True,positive,0.3012375831604004,0.6987624168395996
194,ist,ist,0.10133013129234314,0.31429019268836306,UNKNOWN,other,True,positive,0.3012375831604004,0.6987624168395996
195,",",",",0.08122102171182632,0.19774690082276616,PUNCT,other,False,positive,0.3012375831604004,0.6987624168395996
196,h,h,0.06551437079906464,0.10671826555536688,UNKNOWN,other,True,positive,0.3012375831604004,0.6987624168395996
197,om,om,0.05955587700009346,0.07218553405313992,UNKNOWN,other,True,positive,0.3012375831604004,0.6987624168395996
198,oph,oph,0.06109431013464928,0.0811015957563372,UNKNOWN,other,True,positive,0.3012375831604004,0.6987624168395996
199,ob,ob,0.07875010371208191,0.1834265791562526,UNKNOWN,other,True,positive,0.3012375831604004,0.6987624168395996
200,e,e,0.11391381174325943,0.38721950552852175,UNKNOWN,other,True,positive,0.3012375831604004,0.6987624168395996
201,",",",",0.09253284335136414,0.26330509600737606,PUNCT,other,False,positive,0.3012375831604004,0.6987624168395996
202, it's,it's,0.04710901901125908,4.9182237353520645e-05,UNKNOWN,other,True,positive,0.3012375831604004,0.6987624168395996
203, treated,treated,0.05464117228984833,0.04370213138501434,VERB,other,True,positive,0.3012375831604004,0.6987624168395996
204, as,as,0.07164878398180008,0.14227054613333806,SCONJ,other,True,positive,0.3012375831604004,0.6987624168395996
205, pure,pure,0.06470992416143417,0.10205605717143626,ADJ,positive_sentiment,True,positive,0.3012375831604004,0.6987624168395996
206, far,far,0.07357898354530334,0.15345710863067302,UNKNOWN,other,True,positive,0.3012375831604004,0.6987624168395996
207,ce,ce,0.07959385216236115,0.1883165630468029,UNKNOWN,other,True,positive,0.3012375831604004,0.6987624168395996
208, (,(,0.07889454066753387,0.1842636703356515,PUNCT,other,False,positive,0.3012375831604004,0.6987624168395996
209,as,as,0.09623123705387115,0.2847393109326738,SCONJ,other,True,positive,0.3012375831604004,0.6987624168395996
210, I,I,0.14775583148002625,0.583352525128982,PRON,other,True,positive,0.3012375831604004,0.6987624168395996
211, said,said,0.06028357520699501,0.07640294329134743,VERB,other,True,positive,0.3012375831604004,0.6987624168395996
212,",",",",0.06233533099293709,0.08829399060204737,PUNCT,other,False,positive,0.3012375831604004,0.6987624168395996
213, don't,don't,0.08860336244106293,0.24053160428334538,UNKNOWN,other,True,positive,0.3012375831604004,0.6987624168395996
214, take,take,0.05203361064195633,0.028589885018708357,VERB,other,True,positive,0.3012375831604004,0.6987624168395996
215, it,it,0.06661505997180939,0.11309736150682458,PRON,other,True,positive,0.3012375831604004,0.6987624168395996
216, too,too,0.08733256161212921,0.2331666182148942,ADV,other,True,positive,0.3012375831604004,0.6987624168395996
217, seriously,seriously,0.20241203904151917,0.9001151507738916,ADV,other,True,positive,0.3012375831604004,0.6987624168395996
218,),),0.0779581144452095,0.178836568051387,PUNCT,other,False,positive,0.3012375831604004,0.6987624168395996
219,.,.,0.058689042925834656,0.06716175634130789,PUNCT,other,False,positive,0.3012375831604004,0.6987624168395996
220, Although,Although,0.06423480063676834,0.0993024564023107,SCONJ,other,True,positive,0.3012375831604004,0.6987624168395996
221, there,there,0.09618692845106125,0.2844825183378174,PRON,other,True,positive,0.3012375831604004,0.6987624168395996
222, is,is,0.06154495105147362,0.08371330641840072,VERB,other,True,positive,0.3012375831604004,0.6987624168395996
223, a,a,0.07665260136127472,0.17127040547386643,DET,other,True,positive,0.3012375831604004,0.6987624168395996
224, bit,bit,0.137862890958786,0.5260175223055372,NOUN,other,True,positive,0.3012375831604004,0.6987624168395996
225, of,of,0.09890446066856384,0.3002321043207502,ADP,other,True,positive,0.3012375831604004,0.6987624168395996
226, r,r,0.09228350967168808,0.2618600709213044,UNKNOWN,other,True,positive,0.3012375831604004,0.6987624168395996
227,ough,ough,0.09906309843063354,0.301151496943868,UNKNOWN,other,True,positive,0.3012375831604004,0.6987624168395996
228, language,language,0.06875146180391312,0.12547897896552568,NOUN,other,True,positive,0.3012375831604004,0.6987624168395996
229, &,&,0.051699455827474594,0.026653275050151092,CCONJ,other,True,positive,0.3012375831604004,0.6987624168395996
230, cartoon,cartoon,0.07612525671720505,0.1682141547472248,PROPN,other,True,positive,0.3012375831604004,0.6987624168395996
231, violence,violence,0.09188902378082275,0.2595738093575144,NOUN,other,True,positive,0.3012375831604004,0.6987624168395996
232,",",",",0.05992593616247177,0.07433022936129913,PUNCT,other,False,positive,0.3012375831604004,0.6987624168395996
233, it's,it's,0.050752412527799606,0.021164640993956176,UNKNOWN,other,True,positive,0.3012375831604004,0.6987624168395996
234, basically,basically,0.05865666642785072,0.06697411682206318,ADV,other,True,positive,0.3012375831604004,0.6987624168395996
235, okay,okay,0.05727387219667435,0.05896006771517526,ADJ,other,True,positive,0.3012375831604004,0.6987624168395996
236, for,for,0.06870375573635101,0.1252024962036516,ADP,other,True,positive,0.3012375831604004,0.6987624168395996
237, older,older,0.07657726854085922,0.17083381056440072,ADJ,other,True,positive,0.3012375831604004,0.6987624168395996
238, kids,kids,0.14980417490005493,0.5952237959122825,NOUN,other,True,positive,0.3012375831604004,0.6987624168395996
239, (,(,0.1728515475988388,0.7287959300942937,PUNCT,other,False,positive,0.3012375831604004,0.6987624168395996
240,ages,ages,0.0770321637392044,0.17347017711542723,NOUN,other,True,positive,0.3012375831604004,0.6987624168395996
241, 12,12,0.07034435123205185,0.1347106446834876,NUM,other,True,positive,0.3012375831604004,0.6987624168395996
242, &,&,0.08271908015012741,0.20642896907186448,CCONJ,other,True,positive,0.3012375831604004,0.6987624168395996
243, up,up,0.04710053279995918,0.0,ADP,other,True,positive,0.3012375831604004,0.6987624168395996
244,),),0.07109203189611435,0.1390438631934968,PUNCT,other,False,positive,0.3012375831604004,0.6987624168395996
245,.,.,0.06003882735967636,0.07498449561273068,PUNCT,other,False,positive,0.3012375831604004,0.6987624168395996
246, As,As,0.07999566197395325,0.19064527073817725,SCONJ,other,True,positive,0.3012375831604004,0.6987624168395996
247, previous,previous,0.09816502779722214,0.295946686281988,UNKNOWN,other,True,positive,0.3012375831604004,0.6987624168395996
248,ly,ly,0.06974614411592484,0.13124370716187725,UNKNOWN,other,True,positive,0.3012375831604004,0.6987624168395996
249, st,st,0.04925122112035751,0.012464415474614528,UNKNOWN,other,True,positive,0.3012375831604004,0.6987624168395996
250,ated,ated,0.09838194400072098,0.2972038343577654,UNKNOWN,other,True,positive,0.3012375831604004,0.6987624168395996
251, in,in,0.061816830188035965,0.08528899476191901,ADP,other,True,positive,0.3012375831604004,0.6987624168395996
252, the,the,0.07009420543909073,0.13326091295661568,DET,other,True,positive,0.3012375831604004,0.6987624168395996
253, subject,subject,0.05314793810248375,0.03504802230947739,ADJ,other,True,positive,0.3012375831604004,0.6987624168395996
254, line,line,0.07970127463340759,0.18893913503816642,NOUN,other,True,positive,0.3012375831604004,0.6987624168395996
255,",",",",0.06418405473232269,0.09900835612257863,PUNCT,other,False,positive,0.3012375831604004,0.6987624168395996
0,This,This,0.024739624932408333,0.049289712844308796,PRON,other,True,negative,0.9512186646461487,0.048781365156173706
1, movie,movie,0.1504058837890625,0.49461893148751296,NOUN,other,True,negative,0.9512186646461487,0.048781365156173706
2, was,was,0.06020437926054001,0.17496777056651328,AUX,other,True,negative,0.9512186646461487,0.048781365156173706
3, so,so,0.016604475677013397,0.02046081561754108,ADV,other,True,negative,0.9512186646461487,0.048781365156173706
4, fr,fr,0.03826160356402397,0.09720816154577293,UNKNOWN,other,True,negative,0.9512186646461487,0.048781365156173706
5,ustr,ustr,0.021523484960198402,0.03789253181972555,UNKNOWN,other,True,negative,0.9512186646461487,0.048781365156173706
6,ating,ating,0.04276876524090767,0.11318039471422241,UNKNOWN,other,True,negative,0.9512186646461487,0.048781365156173706
7,.,.,0.029095100238919258,0.06472440814530267,PUNCT,other,False,negative,0.9512186646461487,0.048781365156173706
8, Everything,Everything,0.019944434985518456,0.03229678083755523,PRON,other,True,negative,0.9512186646461487,0.048781365156173706
9, seemed,seemed,0.13075333833694458,0.42497531521240084,VERB,other,True,negative,0.9512186646461487,0.048781365156173706
10, ener,ener,0.08886206895112991,0.2765233247315129,UNKNOWN,other,True,negative,0.9512186646461487,0.048781365156173706
11,get,get,0.01678217574954033,0.02109053942066255,UNKNOWN,other,True,negative,0.9512186646461487,0.048781365156173706
12,ic,ic,0.03916054591536522,0.10039378431015177,UNKNOWN,other,True,negative,0.9512186646461487,0.048781365156173706
13, and,and,0.05012749508023262,0.13925785925696102,CCONJ,other,True,negative,0.9512186646461487,0.048781365156173706
14, I,I,0.02307194285094738,0.04337987224716466,PRON,other,True,negative,0.9512186646461487,0.048781365156173706
15, was,was,0.03039606288075447,0.06933468843886452,AUX,other,True,negative,0.9512186646461487,0.048781365156173706
16, totally,totally,0.020879805088043213,0.03561149427527056,ADV,other,True,negative,0.9512186646461487,0.048781365156173706
17, prep,prep,0.2691098749637604,0.915275646508825,UNKNOWN,other,True,negative,0.9512186646461487,0.048781365156173706
18,ared,ared,0.10154148191213608,0.321455935267968,UNKNOWN,other,True,negative,0.9512186646461487,0.048781365156173706
19, to,to,0.02405746467411518,0.046872310610972155,PART,other,True,negative,0.9512186646461487,0.048781365156173706
20, have,have,0.029593152925372124,0.06648938002971443,VERB,other,True,negative,0.9512186646461487,0.048781365156173706
21, a,a,0.12177997082471848,0.39317598594792214,DET,other,True,negative,0.9512186646461487,0.048781365156173706
22, good,good,0.028002336621284485,0.06085193217259055,ADJ,positive_sentiment,True,negative,0.9512186646461487,0.048781365156173706
23, time,time,0.03250138461589813,0.07679541251734245,NOUN,other,True,negative,0.9512186646461487,0.048781365156173706
24,.,.,0.0182842668145895,0.026413567625809643,PUNCT,other,False,negative,0.9512186646461487,0.048781365156173706
25, I,I,0.02866675890982151,0.06320647555834406,PRON,other,True,negative,0.9512186646461487,0.048781365156173706
26, at,at,0.04137864336371422,0.10825415679625001,ADP,other,True,negative,0.9512186646461487,0.048781365156173706
27, least,least,0.15137797594070435,0.4980637785154941,ADJ,other,True,negative,0.9512186646461487,0.048781365156173706
28, thought,thought,0.07340959459543228,0.22176369081278108,VERB,other,True,negative,0.9512186646461487,0.048781365156173706
29, I'd,I'd,0.017612235620617867,0.024032060216914577,UNKNOWN,other,True,negative,0.9512186646461487,0.048781365156173706
30, be,be,0.022231003269553185,0.040399796528227234,AUX,other,True,negative,0.9512186646461487,0.048781365156173706
31, able,able,0.025206664577126503,0.050944782406735965,ADJ,other,True,negative,0.9512186646461487,0.048781365156173706
32, to,to,0.018228525295853615,0.026216033878800008,PART,other,True,negative,0.9512186646461487,0.048781365156173706
33, stand,stand,0.0755189061164856,0.22923855367646567,VERB,other,True,negative,0.9512186646461487,0.048781365156173706
34, it,it,0.02834676392376423,0.06207249481914513,PRON,other,True,negative,0.9512186646461487,0.048781365156173706
35,.,.,0.01658257655799389,0.020383210716665847,PUNCT,other,False,negative,0.9512186646461487,0.048781365156173706
36, But,But,0.02905699796974659,0.06458938340665303,CCONJ,other,True,negative,0.9512186646461487,0.048781365156173706
37,",",",",0.023050159215927124,0.043302676592173094,PUNCT,other,False,negative,0.9512186646461487,0.048781365156173706
38, I,I,0.02754807658493519,0.0592421502877091,PRON,other,True,negative,0.9512186646461487,0.048781365156173706
39, was,was,0.06501666456460953,0.19202128416552955,AUX,other,True,negative,0.9512186646461487,0.048781365156173706
40, wrong,wrong,0.03849177807569504,0.0980238413978403,ADJ,negative_sentiment,True,negative,0.9512186646461487,0.048781365156173706
41,.,.,0.010830692946910858,0.0,PUNCT,other,False,negative,0.9512186646461487,0.048781365156173706
42, First,First,0.017431030049920082,0.023389913821001817,ADV,other,True,negative,0.9512186646461487,0.048781365156173706
43,",",",",0.053198955953121185,0.15014233439819114,PUNCT,other,False,negative,0.9512186646461487,0.048781365156173706
44, the,the,0.024784153327345848,0.04944751013616244,DET,other,True,negative,0.9512186646461487,0.048781365156173706
45, weird,weird,0.042283300310373306,0.11146003063113029,ADJ,negative_sentiment,True,negative,0.9512186646461487,0.048781365156173706
46, l,l,0.03411635756492615,0.08251846537229322,UNKNOWN,other,True,negative,0.9512186646461487,0.048781365156173706
47,oop,oop,0.24579784274101257,0.8326637410602546,UNKNOWN,other,True,negative,0.9512186646461487,0.048781365156173706
48,ing,ing,0.026144271716475487,0.05426742333326231,UNKNOWN,other,True,negative,0.9512186646461487,0.048781365156173706
49,?,?,0.01285716611891985,0.007181304850664725,PUNCT,other,False,negative,0.9512186646461487,0.048781365156173706
50, It,It,0.03669087961316109,0.09164191587166694,PRON,other,True,negative,0.9512186646461487,0.048781365156173706
51, was,was,0.01959190145134926,0.0310474917702633,AUX,other,True,negative,0.9512186646461487,0.048781365156173706
52, like,like,0.0199405699968338,0.03228308430193253,ADP,positive_sentiment,True,negative,0.9512186646461487,0.048781365156173706
53, watching,watching,0.039373308420181274,0.10114776044414638,VERB,other,True,negative,0.9512186646461487,0.048781365156173706
54," ""","""",0.020183971151709557,0.03314563600915982,PUNCT,other,False,negative,0.9512186646461487,0.048781365156173706
55,Americ,Americ,0.07042378187179565,0.21118273090095005,UNKNOWN,other,True,negative,0.9512186646461487,0.048781365156173706
56,a's,a's,0.05389475077390671,0.15260805404876063,UNKNOWN,other,True,negative,0.9512186646461487,0.048781365156173706
57, F,F,0.03259663283824921,0.07713294796100631,UNKNOWN,other,True,negative,0.9512186646461487,0.048781365156173706
58,un,un,0.061609093099832535,0.1799457186821089,UNKNOWN,other,True,negative,0.9512186646461487,0.048781365156173706
59,n,n,0.027115710079669952,0.0577099535014827,UNKNOWN,other,True,negative,0.9512186646461487,0.048781365156173706
60,iest,iest,0.05042976513504982,0.14032902735375724,UNKNOWN,other,True,negative,0.9512186646461487,0.048781365156173706
61, H,H,0.239606574177742,0.8107234619688196,UNKNOWN,other,True,negative,0.9512186646461487,0.048781365156173706
62,ome,ome,0.13911034166812897,0.4545904067853918,UNKNOWN,other,True,negative,0.9512186646461487,0.048781365156173706
63, V,V,0.042481500655412674,0.11216240217934258,UNKNOWN,other,True,negative,0.9512186646461487,0.048781365156173706
64,ide,ide,0.039596423506736755,0.10193842349138964,UNKNOWN,other,True,negative,0.9512186646461487,0.048781365156173706
65,os,os,0.17356766760349274,0.5766983948399533,UNKNOWN,other,True,negative,0.9512186646461487,0.048781365156173706
66,"""","""",0.0320005863904953,0.07502071114208354,PUNCT,other,False,negative,0.9512186646461487,0.048781365156173706
67,.,.,0.031425636261701584,0.07298323430507052,PUNCT,other,False,negative,0.9512186646461487,0.048781365156173706
68, The,The,0.03432375192642212,0.0832534181734374,DET,other,True,negative,0.9512186646461487,0.048781365156173706
69, damn,damn,0.07737860828638077,0.2358288645663059,ADJ,negative_sentiment,True,negative,0.9512186646461487,0.048781365156173706
70, parents,parents,0.0467810295522213,0.1273988376519203,NOUN,other,True,negative,0.9512186646461487,0.048781365156173706
71,.,.,0.02702842466533184,0.057400636221571634,PUNCT,other,False,negative,0.9512186646461487,0.048781365156173706
72, I,I,0.03740321099758148,0.09416623689248142,PRON,other,True,negative,0.9512186646461487,0.048781365156173706
73, hated,hated,0.0806271880865097,0.247341004079759,VERB,negative_sentiment,True,negative,0.9512186646461487,0.048781365156173706
74, them,them,0.046205151826143265,0.12535807364635784,PRON,other,True,negative,0.9512186646461487,0.048781365156173706
75, so,so,0.01481387484818697,0.014115382282784628,ADV,other,True,negative,0.9512186646461487,0.048781365156173706
76, much,much,0.022093884646892548,0.03991388304877411,ADV,other,True,negative,0.9512186646461487,0.048781365156173706
77,.,.,0.017380209639668465,0.023209819229228414,PUNCT,other,False,negative,0.9512186646461487,0.048781365156173706
78, The,The,0.019514091312885284,0.030771752455033052,DET,other,True,negative,0.9512186646461487,0.048781365156173706
79, stere,stere,0.04080916568636894,0.10623607293353073,UNKNOWN,other,True,negative,0.9512186646461487,0.048781365156173706
80,o,o,0.03328220173716545,0.07956242954865117,UNKNOWN,other,True,negative,0.9512186646461487,0.048781365156173706
81,-,-,0.01839347742497921,0.02680058221695677,PUNCT,other,False,negative,0.9512186646461487,0.048781365156173706
82,ty,ty,0.07735960185527802,0.2357615106147425,UNKNOWN,other,True,negative,0.9512186646461487,0.048781365156173706
83,p,p,0.01888827420771122,0.02855401600774515,UNKNOWN,other,True,negative,0.9512186646461487,0.048781365156173706
84,ical,ical,0.018331723287701607,0.026581741281036252,UNKNOWN,other,True,negative,0.9512186646461487,0.048781365156173706
85, L,L,0.0538192018866539,0.15234032803196215,UNKNOWN,other,True,negative,0.9512186646461487,0.048781365156173706
86,at,at,0.028186436742544174,0.06150433611855521,ADP,other,True,negative,0.9512186646461487,0.048781365156173706
87,ino,ino,0.2662898302078247,0.9052821260592967,UNKNOWN,other,True,negative,0.9512186646461487,0.048781365156173706
88, family,family,0.04387878254055977,0.11711401334210228,NOUN,other,True,negative,0.9512186646461487,0.048781365156173706
89,?,?,0.015619910322129726,0.01697176673375395,PUNCT,other,False,negative,0.9512186646461487,0.048781365156173706
90, I,I,0.16922713816165924,0.5613166638771939,PRON,other,True,negative,0.9512186646461487,0.048781365156173706
91, need,need,0.02349713444709778,0.04488664298268327,VERB,other,True,negative,0.9512186646461487,0.048781365156173706
92, to,to,0.025394197553396225,0.0516093515166296,PART,other,True,negative,0.9512186646461487,0.048781365156173706
93, speak,speak,0.025663645938038826,0.052564207972843814,VERB,other,True,negative,0.9512186646461487,0.048781365156173706
94, with,with,0.03652670234441757,0.09106011344137477,ADP,other,True,negative,0.9512186646461487,0.048781365156173706
95, the,the,0.025515178218483925,0.05203807618421039,DET,other,True,negative,0.9512186646461487,0.048781365156173706
96, person,person,0.029031191021203995,0.06449793015313374,NOUN,other,True,negative,0.9512186646461487,0.048781365156173706
97, responsible,responsible,0.07240167260169983,0.21819187194902243,ADJ,other,True,negative,0.9512186646461487,0.048781365156173706
98, for,for,0.05807943269610405,0.1674375010907723,ADP,other,True,negative,0.9512186646461487,0.048781365156173706
99, this,this,0.03151252120733261,0.07329113242586888,PRON,other,True,negative,0.9512186646461487,0.048781365156173706
100,.,.,0.016170302405953407,0.018922216113457322,PUNCT,other,False,negative,0.9512186646461487,0.048781365156173706
101, We,We,0.05336859077215195,0.15074347699685653,PRON,other,True,negative,0.9512186646461487,0.048781365156173706
102, need,need,0.07937995344400406,0.24292112213320288,VERB,other,True,negative,0.9512186646461487,0.048781365156173706
103, to,to,0.022034725174307823,0.039704236943755966,PART,other,True,negative,0.9512186646461487,0.048781365156173706
104, have,have,0.047820571810007095,0.13108271067892283,VERB,other,True,negative,0.9512186646461487,0.048781365156173706
105, a,a,0.05432974547147751,0.15414956447921047,DET,other,True,negative,0.9512186646461487,0.048781365156173706
106, talk,talk,0.0338546484708786,0.08159103499102471,NOUN,other,True,negative,0.9512186646461487,0.048781365156173706
107,.,.,0.03825279325246811,0.09717694004529322,PUNCT,other,False,negative,0.9512186646461487,0.048781365156173706
108, That,That,0.026348156854510307,0.05498994034013508,SCONJ,other,True,negative,0.9512186646461487,0.048781365156173706
109, little,little,0.03715486451983452,0.09328616022039712,ADJ,other,True,negative,0.9512186646461487,0.048781365156173706
110, girl,girl,0.031003912910819054,0.07148875414754201,NOUN,other,True,negative,0.9512186646461487,0.048781365156173706
111, who,who,0.020466960966587067,0.034148479845603937,PRON,other,True,negative,0.9512186646461487,0.048781365156173706
112, was,was,0.025177590548992157,0.05084175145515295,AUX,other,True,negative,0.9512186646461487,0.048781365156173706
113, always,always,0.032251209020614624,0.07590885391852009,ADV,other,True,negative,0.9512186646461487,0.048781365156173706
114, hang,hang,0.013302948325872421,0.008761043467167034,UNKNOWN,negative_sentiment,True,negative,0.9512186646461487,0.048781365156173706
115,ing,ing,0.028580956161022186,0.06290241246752007,UNKNOWN,other,True,negative,0.9512186646461487,0.048781365156173706
116, on,on,0.031783875077962875,0.07425274143916358,ADP,other,True,negative,0.9512186646461487,0.048781365156173706
117, someone,someone,0.05722969025373459,0.1644262302743154,PRON,other,True,negative,0.9512186646461487,0.048781365156173706
118,?,?,0.016008049249649048,0.01834723224764625,PUNCT,other,False,negative,0.9512186646461487,0.048781365156173706
119, I,I,0.04281993210315704,0.11336171704364681,PRON,other,True,negative,0.9512186646461487,0.048781365156173706
120, just,just,0.03401537984609604,0.08216062605220747,ADV,other,True,negative,0.9512186646461487,0.048781365156173706
121, hated,hated,0.0546579584479332,0.1553126676835503,VERB,negative_sentiment,True,negative,0.9512186646461487,0.048781365156173706
122, her,her,0.02031341940164566,0.03360436764104943,PRON,other,True,negative,0.9512186646461487,0.048781365156173706
123, and,and,0.03704151138663292,0.09288446558335849,CCONJ,other,True,negative,0.9512186646461487,0.048781365156173706
124, had,had,0.016643738374114037,0.02059995261724756,VERB,other,True,negative,0.9512186646461487,0.048781365156173706
125, to,to,0.013974464498460293,0.011140725771435751,PART,other,True,negative,0.9512186646461487,0.048781365156173706
126, mention,mention,0.11092093586921692,0.3546943314771788,VERB,other,True,negative,0.9512186646461487,0.048781365156173706
127, it,it,0.05111927539110184,0.1427724761073672,PRON,other,True,negative,0.9512186646461487,0.048781365156173706
128,.,.,0.011843875050544739,0.0035904593536856327,PUNCT,other,False,negative,0.9512186646461487,0.048781365156173706
129, Now,Now,0.03911546617746353,0.10023403319924062,ADV,other,True,negative,0.9512186646461487,0.048781365156173706
130,",",",",0.05169707164168358,0.1448200388751906,PUNCT,other,False,negative,0.9512186646461487,0.048781365156173706
131, the,the,0.02947593666613102,0.06607399545779313,DET,other,True,negative,0.9512186646461487,0.048781365156173706
132, final,final,0.07145710289478302,0.21484455745615505,ADJ,other,True,negative,0.9512186646461487,0.048781365156173706
133, scene,scene,0.035036828368902206,0.08578037949027553,NOUN,other,True,negative,0.9512186646461487,0.048781365156173706
134, trans,trans,0.03504934534430504,0.08582473646347291,UNKNOWN,other,True,negative,0.9512186646461487,0.048781365156173706
135,ce,ce,0.015961775556206703,0.01818325006235719,UNKNOWN,other,True,negative,0.9512186646461487,0.048781365156173706
136,nds,nds,0.025147635489702225,0.05073559835352196,UNKNOWN,other,True,negative,0.9512186646461487,0.048781365156173706
137,",",",",0.032572563737630844,0.07704765319796218,PUNCT,other,False,negative,0.9512186646461487,0.048781365156173706
138, I,I,0.03365618363022804,0.08088772613772402,PRON,other,True,negative,0.9512186646461487,0.048781365156173706
139, must,must,0.017687169834971428,0.024297607989493524,AUX,other,True,negative,0.9512186646461487,0.048781365156173706
140, say,say,0.04659218341112137,0.12672961502028499,VERB,other,True,negative,0.9512186646461487,0.048781365156173706
141,.,.,0.017622150480747223,0.024067195956249343,PUNCT,other,False,negative,0.9512186646461487,0.048781365156173706
142, It's,It's,0.017612840980291367,0.024034205457433795,UNKNOWN,other,True,negative,0.9512186646461487,0.048781365156173706
143, so,so,0.01572720892727375,0.01735200566523037,ADV,other,True,negative,0.9512186646461487,0.048781365156173706
144, gl,gl,0.03575989976525307,0.08834276037827099,UNKNOWN,other,True,negative,0.9512186646461487,0.048781365156173706
145,or,or,0.04789666831493378,0.13135237731329866,UNKNOWN,other,True,negative,0.9512186646461487,0.048781365156173706
146,iously,iously,0.03404168412089348,0.08225384170332256,UNKNOWN,other,True,negative,0.9512186646461487,0.048781365156173706
147, bad,bad,0.10334409028291702,0.32784392027351567,ADJ,negative_sentiment,True,negative,0.9512186646461487,0.048781365156173706
148, and,and,0.09080459177494049,0.28340713092734243,CCONJ,other,True,negative,0.9512186646461487,0.048781365156173706
149, full,full,0.12279091775417328,0.39675852441353676,ADJ,other,True,negative,0.9512186646461487,0.048781365156173706
150, of,of,0.05620846897363663,0.16080728212653456,ADP,other,True,negative,0.9512186646461487,0.048781365156173706
151, bad,bad,0.29301801323890686,1.0,ADJ,negative_sentiment,True,negative,0.9512186646461487,0.048781365156173706
152,ness,ness,0.039994847029447556,0.10335033499151844,UNKNOWN,other,True,negative,0.9512186646461487,0.048781365156173706
153, that,that,0.01850919798016548,0.027210666394610564,SCONJ,other,True,negative,0.9512186646461487,0.048781365156173706
154, it,it,0.027332846075296402,0.058479428173136144,PRON,other,True,negative,0.9512186646461487,0.048781365156173706
155, is,is,0.17652291059494019,0.5871710234059339,AUX,other,True,negative,0.9512186646461487,0.048781365156173706
156, a,a,0.027506498619914055,0.059094808568109114,DET,other,True,negative,0.9512186646461487,0.048781365156173706
157, movie,movie,0.05133296549320221,0.14352973940991126,NOUN,other,True,negative,0.9512186646461487,0.048781365156173706
158, of,of,0.031117763370275497,0.07189221118217644,ADP,other,True,negative,0.9512186646461487,0.048781365156173706
159, its,its,0.02317105606198311,0.04373110422645122,PRON,other,True,negative,0.9512186646461487,0.048781365156173706
160, own,own,0.07375386357307434,0.22298369239643062,ADJ,other,True,negative,0.9512186646461487,0.048781365156173706
161,.,.,0.01359526813030243,0.009796950410567351,PUNCT,other,False,negative,0.9512186646461487,0.048781365156173706
162, What,What,0.027038712054491043,0.05743709210891823,DET,other,True,negative,0.9512186646461487,0.048781365156173706
163, cra,cra,0.08612905442714691,0.26683821726050755,UNKNOWN,other,True,negative,0.9512186646461487,0.048781365156173706
164,ppy,ppy,0.04439456760883331,0.11894182427187698,UNKNOWN,other,True,negative,0.9512186646461487,0.048781365156173706
165, dancing,dancing,0.03510433807969093,0.08601961671297878,NOUN,other,True,negative,0.9512186646461487,0.048781365156173706
166,.,.,0.014631888829171658,0.013470470176787094,PUNCT,other,False,negative,0.9512186646461487,0.048781365156173706
167, Hor,Hor,0.029316892847418785,0.06551038466710395,UNKNOWN,other,True,negative,0.9512186646461487,0.048781365156173706
168,rible,rible,0.0138308210298419,0.010631689899555482,UNKNOWN,other,True,negative,0.9512186646461487,0.048781365156173706
169, and,and,0.2113112509250641,0.710452042177884,CCONJ,other,True,negative,0.9512186646461487,0.048781365156173706
170, beautiful,beautiful,0.07720886915922165,0.23522735232619718,ADJ,positive_sentiment,True,negative,0.9512186646461487,0.048781365156173706
171, at,at,0.03266768157482147,0.0773847265898219,ADP,other,True,negative,0.9512186646461487,0.048781365156173706
172, once,once,0.0676647424697876,0.20140539788983847,ADV,other,True,negative,0.9512186646461487,0.048781365156173706
173,.,.,0.022720759734511375,0.0421353687164156,PUNCT,other,False,negative,0.9512186646461487,0.048781365156173706
0,I,I,0.02083512395620346,0.023239749977817702,PRON,other,True,positive,0.013465987518429756,0.9865339994430542
1, was,was,0.040142934769392014,0.14564448908483363,AUX,other,True,positive,0.013465987518429756,0.9865339994430542
2, truly,truly,0.17490679025650024,1.0,ADV,other,True,positive,0.013465987518429756,0.9865339994430542
3, and,and,0.020670292899012566,0.022194778968551158,CCONJ,other,True,positive,0.013465987518429756,0.9865339994430542
4, wonderfully,wonderfully,0.1218699961900711,0.6637653536391945,ADV,positive_sentiment,True,positive,0.013465987518429756,0.9865339994430542
5, surprised,surprised,0.062117695808410645,0.28495675591535213,ADJ,other,True,positive,0.013465987518429756,0.9865339994430542
6, at,at,0.08457529544830322,0.4273300498888547,ADP,other,True,positive,0.013465987518429756,0.9865339994430542
7," ""","""",0.03504907712340355,0.11335122071597253,PUNCT,other,False,positive,0.013465987518429756,0.9865339994430542
8,O,O,0.02722097374498844,0.06372379474786964,PROPN,other,True,positive,0.013465987518429756,0.9865339994430542
9,',',0.033867206424474716,0.10585857559114081,PUNCT,other,False,positive,0.013465987518429756,0.9865339994430542
10, Brother,Brother,0.04224637150764465,0.15897953921895122,PROPN,other,True,positive,0.013465987518429756,0.9865339994430542
11,",",",",0.02459275908768177,0.04706183692377955,PUNCT,other,False,positive,0.013465987518429756,0.9865339994430542
12, Where,Where,0.030497919768095016,0.08449848157834892,SCONJ,other,True,positive,0.013465987518429756,0.9865339994430542
13, Ar,Ar,0.04230210930109024,0.1593328972527086,UNKNOWN,other,True,positive,0.013465987518429756,0.9865339994430542
14,t,t,0.025306686758995056,0.051587887608339295,UNKNOWN,other,True,positive,0.013465987518429756,0.9865339994430542
15, Th,Th,0.03238394483923912,0.09645521810411772,UNKNOWN,other,True,positive,0.013465987518429756,0.9865339994430542
16,ou,ou,0.01979285292327404,0.016632117704075897,UNKNOWN,other,True,positive,0.013465987518429756,0.9865339994430542
17,?,?,0.028190040960907936,0.06986734053301705,PUNCT,other,False,positive,0.013465987518429756,0.9865339994430542
18,"""","""",0.04834502935409546,0.19764288794452775,PUNCT,other,False,positive,0.013465987518429756,0.9865339994430542
19, The,The,0.022977830842137337,0.03682375905544908,DET,other,True,positive,0.013465987518429756,0.9865339994430542
20, video,video,0.0451311431825161,0.17726797842432973,NOUN,other,True,positive,0.013465987518429756,0.9865339994430542
21, store,store,0.15108542144298553,0.8489808884599931,NOUN,other,True,positive,0.013465987518429756,0.9865339994430542
22, was,was,0.04459861293435097,0.17389192369062983,AUX,other,True,positive,0.013465987518429756,0.9865339994430542
23, out,out,0.029598452150821686,0.07879617280327299,ADP,other,True,positive,0.013465987518429756,0.9865339994430542
24, of,of,0.01930171251296997,0.013518460005134816,ADP,other,True,positive,0.013465987518429756,0.9865339994430542
25, all,all,0.02808324620127678,0.06919029926629203,DET,other,True,positive,0.013465987518429756,0.9865339994430542
26, the,the,0.01753278262913227,0.0023040658397509273,DET,other,True,positive,0.013465987518429756,0.9865339994430542
27, movies,movies,0.032138749957084656,0.09490076867062773,NOUN,other,True,positive,0.013465987518429756,0.9865339994430542
28, I,I,0.038265470415353775,0.13374202449875033,PRON,other,True,positive,0.013465987518429756,0.9865339994430542
29, was,was,0.02091429941356182,0.02374169456881239,AUX,other,True,positive,0.013465987518429756,0.9865339994430542
30, plan,plan,0.1277889907360077,0.7012897001423375,UNKNOWN,other,True,positive,0.013465987518429756,0.9865339994430542
31,ning,ning,0.07549799978733063,0.3697831836009564,UNKNOWN,other,True,positive,0.013465987518429756,0.9865339994430542
32, on,on,0.11518994718790054,0.6214161891873528,ADP,other,True,positive,0.013465987518429756,0.9865339994430542
33, rent,rent,0.0854964628815651,0.4331699278757096,UNKNOWN,other,True,positive,0.013465987518429756,0.9865339994430542
34,ing,ing,0.028518162667751312,0.07194751690879124,UNKNOWN,other,True,positive,0.013465987518429756,0.9865339994430542
35,",",",",0.058260656893253326,0.2605044838942823,PUNCT,other,False,positive,0.013465987518429756,0.9865339994430542
36, so,so,0.026538081467151642,0.05939449755744389,CCONJ,other,True,positive,0.013465987518429756,0.9865339994430542
37, then,then,0.028673188760876656,0.07293032788966256,ADV,other,True,positive,0.013465987518429756,0.9865339994430542
38, I,I,0.03310752287507057,0.101042448710242,PRON,other,True,positive,0.013465987518429756,0.9865339994430542
39, came,came,0.019207604229450226,0.012921846541107345,VERB,other,True,positive,0.013465987518429756,0.9865339994430542
40, across,across,0.08681189268827438,0.44150929083413776,ADP,other,True,positive,0.013465987518429756,0.9865339994430542
41, this,this,0.038413502275943756,0.13468049450191952,PRON,other,True,positive,0.013465987518429756,0.9865339994430542
42,.,.,0.023829251527786255,0.04222146715946595,PUNCT,other,False,positive,0.013465987518429756,0.9865339994430542
43, I,I,0.04782949760556221,0.1943745977281407,PRON,other,True,positive,0.013465987518429756,0.9865339994430542
44, came,came,0.0814988911151886,0.4078267269370176,VERB,other,True,positive,0.013465987518429756,0.9865339994430542
45, home,home,0.06554632633924484,0.30669306924894035,ADV,other,True,positive,0.013465987518429756,0.9865339994430542
46, and,and,0.018258467316627502,0.006904651877507996,CCONJ,other,True,positive,0.013465987518429756,0.9865339994430542
47, as,as,0.018015924841165543,0.0053670177708483304,SCONJ,other,True,positive,0.013465987518429756,0.9865339994430542
48, I,I,0.037006210535764694,0.12575875914979912,PRON,other,True,positive,0.013465987518429756,0.9865339994430542
49, watched,watched,0.024583032354712486,0.04700017285305769,VERB,other,True,positive,0.013465987518429756,0.9865339994430542
50, I,I,0.032569896429777145,0.0976340858766771,PRON,other,True,positive,0.013465987518429756,0.9865339994430542
51, became,became,0.022046824917197227,0.030921508486910367,VERB,other,True,positive,0.013465987518429756,0.9865339994430542
52, eng,eng,0.05053761601448059,0.2115431172729942,UNKNOWN,other,True,positive,0.013465987518429756,0.9865339994430542
53,ross,ross,0.14824332296848297,0.8309629823569198,UNKNOWN,other,True,positive,0.013465987518429756,0.9865339994430542
54,ed,ed,0.0320577435195446,0.09438721630837307,UNKNOWN,other,True,positive,0.013465987518429756,0.9865339994430542
55, and,and,0.02445158176124096,0.04616682225961009,CCONJ,other,True,positive,0.013465987518429756,0.9865339994430542
56, found,found,0.09618307650089264,0.5009193047816484,VERB,other,True,positive,0.013465987518429756,0.9865339994430542
57, myself,myself,0.04887207970023155,0.20098420202405995,PRON,other,True,positive,0.013465987518429756,0.9865339994430542
58, laughing,laughing,0.04570801928639412,0.18092517030773206,VERB,other,True,positive,0.013465987518429756,0.9865339994430542
59, out,out,0.02596132457256317,0.05573806141906763,ADP,other,True,positive,0.013465987518429756,0.9865339994430542
60, loud,loud,0.04141489416360855,0.15370826489609463,ADV,negative_sentiment,True,positive,0.013465987518429756,0.9865339994430542
61,.,.,0.029670817777514458,0.07925494545965274,PUNCT,other,False,positive,0.013465987518429756,0.9865339994430542
62, The,The,0.07835709303617477,0.3879088306043105,DET,other,True,positive,0.013465987518429756,0.9865339994430542
63, Co,Co,0.03297905996441841,0.10022803897651057,UNKNOWN,other,True,positive,0.013465987518429756,0.9865339994430542
64,en,en,0.0723959431052208,0.3501172337663193,UNKNOWN,other,True,positive,0.013465987518429756,0.9865339994430542
65,'s,'s,0.02707342430949211,0.0627883831503529,PART,other,True,positive,0.013465987518429756,0.9865339994430542
66, have,have,0.04990790784358978,0.20755098864084523,AUX,other,True,positive,0.013465987518429756,0.9865339994430542
67, made,made,0.028308669105172157,0.07061940130209672,VERB,other,True,positive,0.013465987518429756,0.9865339994430542
68, a,a,0.040953874588012695,0.15078556270991555,DET,other,True,positive,0.013465987518429756,0.9865339994430542
69, magnific,magnific,0.03532605245709419,0.11510714705000952,UNKNOWN,other,True,positive,0.013465987518429756,0.9865339994430542
70,iant,iant,0.13684231042861938,0.7586845672118651,UNKNOWN,other,True,positive,0.013465987518429756,0.9865339994430542
71, film,film,0.05865113437175751,0.2629799739612775,NOUN,other,True,positive,0.013465987518429756,0.9865339994430542
72, again,again,0.05639346316456795,0.2486671314656024,ADV,other,True,positive,0.013465987518429756,0.9865339994430542
73,.,.,0.024509698152542114,0.046535259768341004,PUNCT,other,False,positive,0.013465987518429756,0.9865339994430542
74, But,But,0.017403384670615196,0.0014837282309711727,CCONJ,other,True,positive,0.013465987518429756,0.9865339994430542
75, I,I,0.02444775216281414,0.04614254395064721,PRON,other,True,positive,0.013465987518429756,0.9865339994430542
76, think,think,0.02660532295703888,0.059820784986218165,VERB,other,True,positive,0.013465987518429756,0.9865339994430542
77, the,the,0.023765405640006065,0.04181670665541898,DET,other,True,positive,0.013465987518429756,0.9865339994430542
78, first,first,0.029903285205364227,0.08072870730309246,ADJ,other,True,positive,0.013465987518429756,0.9865339994430542
79, time,time,0.02657291106879711,0.059615304998736136,NOUN,other,True,positive,0.013465987518429756,0.9865339994430542
80, you,you,0.060928404331207275,0.2774170656626468,PRON,other,True,positive,0.013465987518429756,0.9865339994430542
81, watch,watch,0.03283865377306938,0.09933791303797858,VERB,other,True,positive,0.013465987518429756,0.9865339994430542
82, this,this,0.04945855215191841,0.20470223138206187,PRON,other,True,positive,0.013465987518429756,0.9865339994430542
83, movie,movie,0.027370592579245567,0.06467232560669853,NOUN,other,True,positive,0.013465987518429756,0.9865339994430542
84,",",",",0.02469034679234028,0.04768050869575578,PUNCT,other,False,positive,0.013465987518429756,0.9865339994430542
85, you,you,0.024322928860783577,0.04535120805724334,PRON,other,True,positive,0.013465987518429756,0.9865339994430542
86, get,get,0.027711238712072372,0.06683190244427543,VERB,other,True,positive,0.013465987518429756,0.9865339994430542
87, to,to,0.02175861783325672,0.029094376801197232,PART,other,True,positive,0.013465987518429756,0.9865339994430542
88, know,know,0.02658834308385849,0.05971313855406563,VERB,other,True,positive,0.013465987518429756,0.9865339994430542
89, the,the,0.03971811383962631,0.14295127359923074,DET,other,True,positive,0.013465987518429756,0.9865339994430542
90, characters,characters,0.04501240327954292,0.1765152091442881,NOUN,other,True,positive,0.013465987518429756,0.9865339994430542
91,.,.,0.01932399906218052,0.013659748899464018,PUNCT,other,False,positive,0.013465987518429756,0.9865339994430542
92, The,The,0.03084266185760498,0.08668402534268137,DET,other,True,positive,0.013465987518429756,0.9865339994430542
93, second,second,0.04296066239476204,0.1635078925641373,ADJ,other,True,positive,0.013465987518429756,0.9865339994430542
94, time,time,0.02244790643453598,0.033464224435678695,NOUN,other,True,positive,0.013465987518429756,0.9865339994430542
95,",",",",0.07986585050821304,0.3974738230587868,PUNCT,other,False,positive,0.013465987518429756,0.9865339994430542
96, now,now,0.06803130358457565,0.32244695219012903,ADV,other,True,positive,0.013465987518429756,0.9865339994430542
97, that,that,0.0430670864880085,0.16418258393617186,SCONJ,other,True,positive,0.013465987518429756,0.9865339994430542
98, you,you,0.018743952736258507,0.00998245892177432,PRON,other,True,positive,0.013465987518429756,0.9865339994430542
99, know,know,0.02488652430474758,0.04892420522133375,VERB,other,True,positive,0.013465987518429756,0.9865339994430542
100, them,them,0.06839630007743835,0.32476090175779915,PRON,other,True,positive,0.013465987518429756,0.9865339994430542
101,",",",",0.04166211932897568,0.15527558561206006,PUNCT,other,False,positive,0.013465987518429756,0.9865339994430542
102, you,you,0.02926996536552906,0.07671368195835641,PRON,other,True,positive,0.013465987518429756,0.9865339994430542
103, laugh,laugh,0.03558102622628212,0.11672359119267027,VERB,other,True,positive,0.013465987518429756,0.9865339994430542
104, s,s,0.1378186047077179,0.7648739300392187,UNKNOWN,other,True,positive,0.013465987518429756,0.9865339994430542
105,oo,oo,0.17080892622470856,0.9740209813240526,UNKNOWN,other,True,positive,0.013465987518429756,0.9865339994430542
106,o,o,0.032982081174850464,0.10024719238951534,PROPN,other,True,positive,0.013465987518429756,0.9865339994430542
107, hard,hard,0.0768030434846878,0.3780567022739872,ADV,negative_sentiment,True,positive,0.013465987518429756,0.9865339994430542
108, it,it,0.017169345170259476,0.0,PRON,other,True,positive,0.013465987518429756,0.9865339994430542
109, could,could,0.046601321548223495,0.18658839289474033,AUX,other,True,positive,0.013465987518429756,0.9865339994430542
110, hurt,hurt,0.11760669946670532,0.636737549803302,VERB,negative_sentiment,True,positive,0.013465987518429756,0.9865339994430542
111, you,you,0.017718443647027016,0.0034810914838092374,PRON,other,True,positive,0.013465987518429756,0.9865339994430542
112,.,.,0.019771642982959747,0.016497654132013494,PUNCT,other,False,positive,0.013465987518429756,0.9865339994430542
113, I,I,0.0298604816198349,0.08045734760466496,PRON,other,True,positive,0.013465987518429756,0.9865339994430542
114, strong,strong,0.10310792922973633,0.5448204388786132,UNKNOWN,positive_sentiment,True,positive,0.013465987518429756,0.9865339994430542
115,ly,ly,0.03916781395673752,0.1394625656225805,UNKNOWN,other,True,positive,0.013465987518429756,0.9865339994430542
116, would,would,0.03966871649026871,0.14263811175404806,AUX,other,True,positive,0.013465987518429756,0.9865339994430542
117, re,re,0.023361636325716972,0.03925695101801571,UNKNOWN,other,True,positive,0.013465987518429756,0.9865339994430542
118,cc,cc,0.03247359022498131,0.09702353836373125,UNKNOWN,other,True,positive,0.013465987518429756,0.9865339994430542
119,ome,ome,0.03292118012905121,0.09986110114931578,UNKNOWN,other,True,positive,0.013465987518429756,0.9865339994430542
120,nd,nd,0.05785869061946869,0.2579561589003985,UNKNOWN,other,True,positive,0.013465987518429756,0.9865339994430542
121, AN,AN,0.026397759094834328,0.05850490300213335,UNKNOWN,other,True,positive,0.013465987518429756,0.9865339994430542
122,Y,Y,0.03860427066683769,0.13588989909693902,UNKNOWN,other,True,positive,0.013465987518429756,0.9865339994430542
123,ON,ON,0.024521876126527786,0.046612463846161675,ADP,other,True,positive,0.013465987518429756,0.9865339994430542
124,E,E,0.04334422945976257,0.16593957303665177,UNKNOWN,other,True,positive,0.013465987518429756,0.9865339994430542
125, seeing,seeing,0.024796295911073685,0.048352188896202034,VERB,other,True,positive,0.013465987518429756,0.9865339994430542
126, this,this,0.030571170151233673,0.08496286327984415,PRON,other,True,positive,0.013465987518429756,0.9865339994430542
127, because,because,0.15363307297229767,0.8651321043486443,SCONJ,other,True,positive,0.013465987518429756,0.9865339994430542
128, if,if,0.02141859196126461,0.026938732199459157,SCONJ,other,True,positive,0.013465987518429756,0.9865339994430542
129, you,you,0.02713843435049057,0.0632005239769202,PRON,other,True,positive,0.013465987518429756,0.9865339994430542
130, are,are,0.026110390201210976,0.056683085148634856,AUX,other,True,positive,0.013465987518429756,0.9865339994430542
131, not,not,0.051044583320617676,0.2147571119326637,PART,other,True,positive,0.013465987518429756,0.9865339994430542
132,",",",",0.07238051295280457,0.35001941201950587,PUNCT,other,False,positive,0.013465987518429756,0.9865339994430542
133, you,you,0.023074142634868622,0.037434341993943035,PRON,other,True,positive,0.013465987518429756,0.9865339994430542
134, are,are,0.06179998070001602,0.2829425537186517,AUX,other,True,positive,0.013465987518429756,0.9865339994430542
135, truly,truly,0.02469576708972454,0.04771487147741044,ADV,other,True,positive,0.013465987518429756,0.9865339994430542
136, missing,missing,0.04601585119962692,0.1828767165183639,VERB,other,True,positive,0.013465987518429756,0.9865339994430542
137, a,a,0.03237146884202957,0.09637612466373184,DET,other,True,positive,0.013465987518429756,0.9865339994430542
138, film,film,0.05379273369908333,0.2321794201040883,NOUN,other,True,positive,0.013465987518429756,0.9865339994430542
139, gem,gem,0.021929513663053513,0.03017779633866569,NOUN,positive_sentiment,True,positive,0.013465987518429756,0.9865339994430542
140, for,for,0.0273498073220253,0.06454055437629154,ADP,other,True,positive,0.013465987518429756,0.9865339994430542
141, the,the,0.019445475190877914,0.01442986488955743,DET,other,True,positive,0.013465987518429756,0.9865339994430542
142, ag,ag,0.017693940550088882,0.003325750455401325,UNKNOWN,other,True,positive,0.013465987518429756,0.9865339994430542
143,es,es,0.029146350920200348,0.07593000979185767,UNKNOWN,other,True,positive,0.013465987518429756,0.9865339994430542
144,.,.,0.025082601234316826,0.05016726408704596,PUNCT,other,False,positive,0.013465987518429756,0.9865339994430542
145, 10,10,0.047629427164793015,0.19310622140405476,UNKNOWN,other,True,positive,0.013465987518429756,0.9865339994430542
146,/,/,0.04287843033671379,0.16298657019833324,UNKNOWN,other,True,positive,0.013465987518429756,0.9865339994430542
147,10,10,0.022956427186727524,0.0366880673977193,UNKNOWN,other,True,positive,0.013465987518429756,0.9865339994430542
0,This,This,0.027375442907214165,0.026946243567210818,DET,other,True,negative,0.992073118686676,0.007926910184323788
1, movie,movie,0.15564140677452087,0.4066888820383791,NOUN,other,True,negative,0.992073118686676,0.007926910184323788
2, spe,spe,0.09288626164197922,0.22089676952655304,UNKNOWN,other,True,negative,0.992073118686676,0.007926910184323788
3,nds,nds,0.17059430480003357,0.4509582484220657,UNKNOWN,other,True,negative,0.992073118686676,0.007926910184323788
4, most,most,0.03229006752371788,0.04149642089170499,ADJ,other,True,negative,0.992073118686676,0.007926910184323788
5, of,of,0.029454512521624565,0.03310151155208483,ADP,other,True,negative,0.992073118686676,0.007926910184323788
6, its,its,0.024959519505500793,0.019793690393712888,PRON,other,True,negative,0.992073118686676,0.007926910184323788
7, time,time,0.030463900417089462,0.0360898929676039,NOUN,other,True,negative,0.992073118686676,0.007926910184323788
8, pre,pre,0.06859370321035385,0.14897651916626437,UNKNOWN,other,True,negative,0.992073118686676,0.007926910184323788
9,ach,ach,0.10801630467176437,0.2656905892358624,UNKNOWN,other,True,negative,0.992073118686676,0.007926910184323788
10,ing,ing,0.023329172283411026,0.014966904416561613,UNKNOWN,other,True,negative,0.992073118686676,0.007926910184323788
11, that,that,0.04571634903550148,0.08124610516036948,SCONJ,other,True,negative,0.992073118686676,0.007926910184323788
12, it,it,0.044230155646800995,0.07684609925321098,PRON,other,True,negative,0.992073118686676,0.007926910184323788
13, is,is,0.06223578378558159,0.13015334094536218,AUX,other,True,negative,0.992073118686676,0.007926910184323788
14, the,the,0.0576808825135231,0.11666815613969883,DET,other,True,negative,0.992073118686676,0.007926910184323788
15, script,script,0.04789620265364647,0.0876997530298203,NOUN,other,True,negative,0.992073118686676,0.007926910184323788
16, that,that,0.13495098054409027,0.34543306006548985,SCONJ,other,True,negative,0.992073118686676,0.007926910184323788
17, makes,makes,0.1437666416168213,0.37153259804650623,VERB,other,True,negative,0.992073118686676,0.007926910184323788
18, the,the,0.1889418065547943,0.5052776369460162,DET,other,True,negative,0.992073118686676,0.007926910184323788
19, movie,movie,0.038405098021030426,0.05960050513484385,NOUN,other,True,negative,0.992073118686676,0.007926910184323788
20,",",",",0.018326587975025177,0.00015631470777360774,PUNCT,other,False,negative,0.992073118686676,0.007926910184323788
21, but,but,0.05727188661694527,0.1154572879077256,CCONJ,other,True,negative,0.992073118686676,0.007926910184323788
22, apparently,apparently,0.14187118411064148,0.36592092981586527,ADV,other,True,negative,0.992073118686676,0.007926910184323788
23, there,there,0.023185057565569878,0.014540240151580598,PRON,other,True,negative,0.992073118686676,0.007926910184323788
24, was,was,0.021991483867168427,0.01100656050832268,VERB,other,True,negative,0.992073118686676,0.007926910184323788
25, no,no,0.07113801687955856,0.15650918299001723,DET,other,True,negative,0.992073118686676,0.007926910184323788
26, script,script,0.05985412374138832,0.12310222744763846,NOUN,other,True,negative,0.992073118686676,0.007926910184323788
27, when,when,0.07685615867376328,0.17343824340958366,SCONJ,other,True,negative,0.992073118686676,0.007926910184323788
28, they,they,0.05410652980208397,0.10608597136874388,PRON,other,True,negative,0.992073118686676,0.007926910184323788
29, shot,shot,0.02175060100853443,0.010293405673305172,VERB,other,True,negative,0.992073118686676,0.007926910184323788
30, this,this,0.035423070192337036,0.05077195014239109,DET,other,True,negative,0.992073118686676,0.007926910184323788
31, waste,waste,0.35604456067085266,1.0,NOUN,negative_sentiment,True,negative,0.992073118686676,0.007926910184323788
32, of,of,0.037935204803943634,0.05820934504313908,ADP,other,True,negative,0.992073118686676,0.007926910184323788
33, time,time,0.2434256672859192,0.6665818863690123,NOUN,other,True,negative,0.992073118686676,0.007926910184323788
34,!,!,0.0811137855052948,0.18604332115494743,PUNCT,other,False,negative,0.992073118686676,0.007926910184323788
35, The,The,0.025348180904984474,0.02094435656314592,DET,other,True,negative,0.992073118686676,0.007926910184323788
36, trailer,trailer,0.05011959746479988,0.09428230842092906,NOUN,other,True,negative,0.992073118686676,0.007926910184323788
37, makes,makes,0.03427615016698837,0.04737639279101229,VERB,other,True,negative,0.992073118686676,0.007926910184323788
38, this,this,0.04480840638279915,0.07855806128557835,DET,other,True,negative,0.992073118686676,0.007926910184323788
39, out,out,0.060350120067596436,0.12457066808385531,ADP,other,True,negative,0.992073118686676,0.007926910184323788
40, to,to,0.03043617308139801,0.03600780375784175,PART,other,True,negative,0.992073118686676,0.007926910184323788
41, be,be,0.021402567625045776,0.009263022309416412,AUX,other,True,negative,0.992073118686676,0.007926910184323788
42, a,a,0.05260572209954262,0.10164269850338345,DET,other,True,negative,0.992073118686676,0.007926910184323788
43, comedy,comedy,0.03340645506978035,0.04480158415962139,NOUN,other,True,negative,0.992073118686676,0.007926910184323788
44,",",",",0.03235369548201561,0.041684797044161996,PUNCT,other,False,negative,0.992073118686676,0.007926910184323788
45, but,but,0.03736887872219086,0.05653268699578429,CCONJ,other,True,negative,0.992073118686676,0.007926910184323788
46, the,the,0.02435668371617794,0.018008942154194463,DET,other,True,negative,0.992073118686676,0.007926910184323788
47, film,film,0.02652965672314167,0.024442219370624907,NOUN,other,True,negative,0.992073118686676,0.007926910184323788
48, can't,can't,0.08769509196281433,0.2055278562834658,UNKNOWN,other,True,negative,0.992073118686676,0.007926910184323788
49, decide,decide,0.03804199397563934,0.05852550375428268,VERB,other,True,negative,0.992073118686676,0.007926910184323788
50, if,if,0.029712624847888947,0.03386567573751883,SCONJ,other,True,negative,0.992073118686676,0.007926910184323788
51, it,it,0.08805935829877853,0.20660629872723343,PRON,other,True,negative,0.992073118686676,0.007926910184323788
52, wants,wants,0.06487733870744705,0.1379738960283414,VERB,other,True,negative,0.992073118686676,0.007926910184323788
53, to,to,0.029757041484117508,0.03399717508563036,PART,other,True,negative,0.992073118686676,0.007926910184323788
54, be,be,0.02950279228389263,0.033244448023738396,AUX,other,True,negative,0.992073118686676,0.007926910184323788
55, a,a,0.05835837125778198,0.11867392100141645,DET,other,True,negative,0.992073118686676,0.007926910184323788
56, comedy,comedy,0.03581369295716286,0.05192842310598504,NOUN,other,True,negative,0.992073118686676,0.007926910184323788
57,",",",",0.10171225666999817,0.2470269020887706,PUNCT,other,False,negative,0.992073118686676,0.007926910184323788
58, a,a,0.04098692908883095,0.0672442425084442,DET,other,True,negative,0.992073118686676,0.007926910184323788
59, drama,drama,0.07443805038928986,0.16627922169900047,NOUN,other,True,negative,0.992073118686676,0.007926910184323788
60,",",",",0.0560491718351841,0.1118373335307092,PUNCT,other,False,negative,0.992073118686676,0.007926910184323788
61, a,a,0.2284361720085144,0.6222041706105166,DET,other,True,negative,0.992073118686676,0.007926910184323788
62, romance,romance,0.044949762523174286,0.07897655853996835,NOUN,other,True,negative,0.992073118686676,0.007926910184323788
63, or,or,0.05966596305370331,0.12254516122489542,CCONJ,other,True,negative,0.992073118686676,0.007926910184323788
64, an,an,0.028833499178290367,0.031262947069245914,DET,other,True,negative,0.992073118686676,0.007926910184323788
65, action,action,0.027394264936447144,0.027001967835963106,NOUN,other,True,negative,0.992073118686676,0.007926910184323788
66, film,film,0.04622281715273857,0.08274554845259083,NOUN,other,True,negative,0.992073118686676,0.007926910184323788
67,.,.,0.06404600292444229,0.1355126535118129,PUNCT,other,False,negative,0.992073118686676,0.007926910184323788
68, P,P,0.10346011817455292,0.25220159940838416,UNKNOWN,other,True,negative,0.992073118686676,0.007926910184323788
69,ress,ress,0.027037665247917175,0.0259462231744997,UNKNOWN,other,True,negative,0.992073118686676,0.007926910184323788
70, rele,rele,0.02777155302464962,0.028118962319596884,UNKNOWN,other,True,negative,0.992073118686676,0.007926910184323788
71,ases,ases,0.12782074511051178,0.32432337254722643,UNKNOWN,other,True,negative,0.992073118686676,0.007926910184323788
72, ind,ind,0.03051851876080036,0.03625159536568636,UNKNOWN,other,True,negative,0.992073118686676,0.007926910184323788
73,icated,icated,0.036221764981746674,0.053136556133871075,UNKNOWN,other,True,negative,0.992073118686676,0.007926910184323788
74, that,that,0.028821423649787903,0.031227196407759415,SCONJ,other,True,negative,0.992073118686676,0.007926910184323788
75, S,S,0.0255776084959507,0.021623597073291922,UNKNOWN,other,True,negative,0.992073118686676,0.007926910184323788
76,hat,hat,0.029783688485622406,0.03407606587125829,UNKNOWN,other,True,negative,0.992073118686676,0.007926910184323788
77,ner,ner,0.10073087364435196,0.2441214315471447,UNKNOWN,other,True,negative,0.992073118686676,0.007926910184323788
78, and,and,0.03267397731542587,0.042633019509471806,CCONJ,other,True,negative,0.992073118686676,0.007926910184323788
79, Ham,Ham,0.05427393317222595,0.10658158373191488,UNKNOWN,other,True,negative,0.992073118686676,0.007926910184323788
80,lin,lin,0.05766716226935387,0.1166275361531942,UNKNOWN,other,True,negative,0.992073118686676,0.007926910184323788
81, made,made,0.05076894164085388,0.09620474881942581,VERB,other,True,negative,0.992073118686676,0.007926910184323788
82, this,this,0.03860371559858322,0.060188529897396426,DET,other,True,negative,0.992073118686676,0.007926910184323788
83, movie,movie,0.05828062444925308,0.11844374475423976,NOUN,other,True,negative,0.992073118686676,0.007926910184323788
84, because,because,0.07521557807922363,0.16858116063554718,SCONJ,other,True,negative,0.992073118686676,0.007926910184323788
85, they,they,0.029543031007051468,0.03336357829368947,PRON,other,True,negative,0.992073118686676,0.007926910184323788
86, loved,loved,0.18285764753818512,0.487264950429775,VERB,positive_sentiment,True,negative,0.992073118686676,0.007926910184323788
87, the,the,0.023159220814704895,0.014463748184053339,DET,other,True,negative,0.992073118686676,0.007926910184323788
88, script,script,0.12300223112106323,0.31005773916566637,NOUN,other,True,negative,0.992073118686676,0.007926910184323788
89, (,(,0.07414571195840836,0.16541372812827965,PUNCT,other,False,negative,0.992073118686676,0.007926910184323788
90,what,what,0.03373027220368385,0.04576027319218423,PRON,other,True,negative,0.992073118686676,0.007926910184323788
91, were,were,0.03987404331564903,0.06394944654634217,AUX,other,True,negative,0.992073118686676,0.007926910184323788
92, they,they,0.0929589495062828,0.22111196832554258,PRON,other,True,negative,0.992073118686676,0.007926910184323788
93, thinking,thinking,0.02347167395055294,0.015388793103438768,VERB,other,True,negative,0.992073118686676,0.007926910184323788
94,?,?,0.0929063931107521,0.220956370505937,PUNCT,other,False,negative,0.992073118686676,0.007926910184323788
95,),),0.04311937838792801,0.07355754573269506,PUNCT,other,False,negative,0.992073118686676,0.007926910184323788
96,.,.,0.024168580770492554,0.01745204688170687,PUNCT,other,False,negative,0.992073118686676,0.007926910184323788
97, If,If,0.06999676674604416,0.15313041185081874,SCONJ,other,True,negative,0.992073118686676,0.007926910184323788
98, you,you,0.03886808454990387,0.06097121737018708,PRON,other,True,negative,0.992073118686676,0.007926910184323788
99, like,like,0.018273789435625076,0.0,ADP,positive_sentiment,True,negative,0.992073118686676,0.007926910184323788
100, William,William,0.07702519744634628,0.17393869752515095,PROPN,other,True,negative,0.992073118686676,0.007926910184323788
101, S,S,0.021743914112448692,0.010273608530819205,UNKNOWN,other,True,negative,0.992073118686676,0.007926910184323788
102,hat,hat,0.07383623719215393,0.16449750093336082,UNKNOWN,other,True,negative,0.992073118686676,0.007926910184323788
103,ner,ner,0.0537116713821888,0.10491695837673402,UNKNOWN,other,True,negative,0.992073118686676,0.007926910184323788
104, (,(,0.05894893407821655,0.12042233403986523,PUNCT,other,False,negative,0.992073118686676,0.007926910184323788
105,I,I,0.10622938722372055,0.26040026336927224,PRON,other,True,negative,0.992073118686676,0.007926910184323788
106, do,do,0.05965680256485939,0.12251804079404695,AUX,other,True,negative,0.992073118686676,0.007926910184323788
107,),),0.03352838382124901,0.045162564924839076,PUNCT,other,False,negative,0.992073118686676,0.007926910184323788
108, see,see,0.04491918161511421,0.07888602107887235,VERB,other,True,negative,0.992073118686676,0.007926910184323788
109," ""","""",0.03608178347349167,0.05272212859846565,PUNCT,other,False,negative,0.992073118686676,0.007926910184323788
110,F,F,0.060300879180431366,0.12442488611762717,UNKNOWN,other,True,negative,0.992073118686676,0.007926910184323788
111,ree,ree,0.04213046282529831,0.07062977445451951,UNKNOWN,other,True,negative,0.992073118686676,0.007926910184323788
112, En,En,0.08450932055711746,0.19609610055739599,UNKNOWN,other,True,negative,0.992073118686676,0.007926910184323788
113,ter,ter,0.019722746685147285,0.00428976505049082,UNKNOWN,other,True,negative,0.992073118686676,0.007926910184323788
114,pr,pr,0.07128288596868515,0.15693808063736783,UNKNOWN,other,True,negative,0.992073118686676,0.007926910184323788
115,ise,ise,0.021897155791521072,0.010727293965210034,UNKNOWN,other,True,negative,0.992073118686676,0.007926910184323788
116,"""","""",0.022146500647068024,0.0114655012844375,PUNCT,other,False,negative,0.992073118686676,0.007926910184323788
117, instead,instead,0.14327368140220642,0.3700731460850114,ADV,other,True,negative,0.992073118686676,0.007926910184323788
118,.,.,0.02286881022155285,0.013603962146054803,PUNCT,other,False,negative,0.992073118686676,0.007926910184323788
0,Don't,Don't,0.019716627895832062,0.014446649225204965,UNKNOWN,other,True,negative,0.9890833497047424,0.010916640982031822
1, pay,pay,0.057250428944826126,0.12970396481775892,VERB,other,True,negative,0.9890833497047424,0.010916640982031822
2, any,any,0.19729943573474884,0.5597609300832703,ADV,other,True,negative,0.9890833497047424,0.010916640982031822
3, attention,attention,0.015751415863633156,0.0022704325401434323,NOUN,other,True,negative,0.9890833497047424,0.010916640982031822
4, to,to,0.02874193899333477,0.04216121850445275,PART,other,True,negative,0.9890833497047424,0.010916640982031822
5, the,the,0.02248554304242134,0.02294932462658152,DET,other,True,negative,0.9890833497047424,0.010916640982031822
6, ra,ra,0.02488349750638008,0.030312868597742237,UNKNOWN,other,True,negative,0.9890833497047424,0.010916640982031822
7,ve,ve,0.04853106662631035,0.10292889097966892,UNKNOWN,other,True,negative,0.9890833497047424,0.010916640982031822
8, reviews,reviews,0.06636352837085724,0.15768811103309516,NOUN,other,True,negative,0.9890833497047424,0.010916640982031822
9, of,of,0.021967699751257896,0.021359151876446172,ADP,other,True,negative,0.9890833497047424,0.010916640982031822
10, this,this,0.03923449665307999,0.07438135064571201,DET,other,True,negative,0.9890833497047424,0.010916640982031822
11, film,film,0.025722844526171684,0.03289030231476737,NOUN,other,True,negative,0.9890833497047424,0.010916640982031822
12, here,here,0.030359696596860886,0.04712896473453675,ADV,other,True,negative,0.9890833497047424,0.010916640982031822
13,.,.,0.0239859726279974,0.027556784607610525,PUNCT,other,False,negative,0.9890833497047424,0.010916640982031822
14, It,It,0.04589209705591202,0.0948252473274442,PRON,other,True,negative,0.9890833497047424,0.010916640982031822
15, is,is,0.050446681678295135,0.10881128611231897,AUX,other,True,negative,0.9890833497047424,0.010916640982031822
16, the,the,0.022363904863595963,0.02257580290554187,DET,other,True,negative,0.9890833497047424,0.010916640982031822
17, worst,worst,0.1136326715350151,0.30284033114395903,ADJ,negative_sentiment,True,negative,0.9890833497047424,0.010916640982031822
18, Van,Van,0.06809110939502716,0.16299309869087455,PROPN,other,True,negative,0.9890833497047424,0.010916640982031822
19, Dam,Dam,0.027076605707406998,0.03704737874566002,UNKNOWN,other,True,negative,0.9890833497047424,0.010916640982031822
20,me,me,0.02630072832107544,0.034664845075254185,PRON,other,True,negative,0.9890833497047424,0.010916640982031822
21, film,film,0.0827903226017952,0.20813086273782566,NOUN,other,True,negative,0.9890833497047424,0.010916640982031822
22, and,and,0.08665946125984192,0.22001206109553353,CCONJ,other,True,negative,0.9890833497047424,0.010916640982031822
23, one,one,0.04310627654194832,0.0862706595908331,PRON,other,True,negative,0.9890833497047424,0.010916640982031822
24, of,of,0.032490894198417664,0.05367336225590921,ADP,other,True,negative,0.9890833497047424,0.010916640982031822
25, the,the,0.022852430120110512,0.024075946991442804,DET,other,True,negative,0.9890833497047424,0.010916640982031822
26, worst,worst,0.048650167882442474,0.10329462241858106,ADJ,negative_sentiment,True,negative,0.9890833497047424,0.010916640982031822
27, of,of,0.029258210211992264,0.04374656379635342,ADP,other,True,negative,0.9890833497047424,0.010916640982031822
28, any,any,0.04470790922641754,0.09118889005558818,ADV,other,True,negative,0.9890833497047424,0.010916640982031822
29, sort,sort,0.01769092306494713,0.00822619474243354,NOUN,other,True,negative,0.9890833497047424,0.010916640982031822
30, I,I,0.03477199748158455,0.06067808423074962,PRON,other,True,negative,0.9890833497047424,0.010916640982031822
31, have,have,0.03519761562347412,0.06198505563067922,VERB,other,True,negative,0.9890833497047424,0.010916640982031822
32, ever,ever,0.027775811031460762,0.03919447087185486,ADV,other,True,negative,0.9890833497047424,0.010916640982031822
33, seen,seen,0.06076373532414436,0.14049248745115386,VERB,other,True,negative,0.9890833497047424,0.010916640982031822
34,.,.,0.022020824253559113,0.021522284502407396,PUNCT,other,False,negative,0.9890833497047424,0.010916640982031822
35, It,It,0.03158620744943619,0.050895285876070936,PRON,other,True,negative,0.9890833497047424,0.010916640982031822
36, would,would,0.11133311688899994,0.2957789494519708,AUX,other,True,negative,0.9890833497047424,0.010916640982031822
37, appeal,appeal,0.03160611912608147,0.050956429867218704,VERB,positive_sentiment,True,negative,0.9890833497047424,0.010916640982031822
38, to,to,0.027027079835534096,0.0368952966520559,PART,other,True,negative,0.9890833497047424,0.010916640982031822
39, some,some,0.340664267539978,1.0,DET,other,True,negative,0.9890833497047424,0.010916640982031822
40,body,body,0.25284072756767273,0.7303149379986774,UNKNOWN,other,True,negative,0.9890833497047424,0.010916640982031822
41, with,with,0.02109578438103199,0.018681708553694314,ADP,other,True,negative,0.9890833497047424,0.010916640982031822
42, no,no,0.041371818631887436,0.08094455466314562,DET,other,True,negative,0.9890833497047424,0.010916640982031822
43, depth,depth,0.08293269574642181,0.20856805657387534,NOUN,other,True,negative,0.9890833497047424,0.010916640982031822
44, whatever,whatever,0.08159764856100082,0.20446844634308198,PRON,other,True,negative,0.9890833497047424,0.010916640982031822
45, who,who,0.153897225856781,0.4264831361612164,PRON,other,True,negative,0.9890833497047424,0.010916640982031822
46, requ,requ,0.02538161352276802,0.03184246361071706,UNKNOWN,other,True,negative,0.9890833497047424,0.010916640982031822
47,ires,ires,0.0206020325422287,0.017165514885084245,UNKNOWN,other,True,negative,0.9890833497047424,0.010916640982031822
48, nothing,nothing,0.2103944569826126,0.5999726047464919,PRON,other,True,negative,0.9890833497047424,0.010916640982031822
49, more,more,0.02634935826063156,0.034814175975243514,ADV,other,True,negative,0.9890833497047424,0.010916640982031822
50, than,than,0.02416096068918705,0.02809413104281803,ADP,other,True,negative,0.9890833497047424,0.010916640982031822
51, gun,gun,0.03256585821509361,0.053903558801066655,UNKNOWN,other,True,negative,0.9890833497047424,0.010916640982031822
52,f,f,0.048006102442741394,0.1013168516740464,UNKNOWN,other,True,negative,0.9890833497047424,0.010916640982031822
53,ire,ire,0.11437707394361496,0.3051262126944009,UNKNOWN,negative_sentiment,True,negative,0.9890833497047424,0.010916640982031822
54, and,and,0.07402415573596954,0.18121206334224632,CCONJ,other,True,negative,0.9890833497047424,0.010916640982031822
55, explos,explos,0.08035999536514282,0.20066790973334894,UNKNOWN,other,True,negative,0.9890833497047424,0.010916640982031822
56,ions,ions,0.06378918141126633,0.1497829079448443,UNKNOWN,other,True,negative,0.9890833497047424,0.010916640982031822
57, to,to,0.05549493059515953,0.12431324973815329,PART,other,True,negative,0.9890833497047424,0.010916640982031822
58, be,be,0.03125894069671631,0.04989032804214549,AUX,other,True,negative,0.9890833497047424,0.010916640982031822
59, entertain,entertain,0.04221470281481743,0.08353285016119878,UNKNOWN,positive_sentiment,True,negative,0.9890833497047424,0.010916640982031822
60,ed,ed,0.02694944478571415,0.0366568980036893,UNKNOWN,other,True,negative,0.9890833497047424,0.010916640982031822
61,.,.,0.0330563560128212,0.055409760088709924,PUNCT,other,False,negative,0.9890833497047424,0.010916640982031822
62, See,See,0.04877207800745964,0.10366897922125846,UNKNOWN,other,True,negative,0.9890833497047424,0.010916640982031822
63,ing,ing,0.02857590839266777,0.04165137828565587,UNKNOWN,other,True,negative,0.9890833497047424,0.010916640982031822
64, that,that,0.028511859476566315,0.04145469940075342,SCONJ,other,True,negative,0.9890833497047424,0.010916640982031822
65, this,this,0.040265243500471115,0.07754652740280928,DET,other,True,negative,0.9890833497047424,0.010916640982031822
66, is,is,0.07309406250715256,0.17835596974638787,AUX,other,True,negative,0.9890833497047424,0.010916640982031822
67, directed,directed,0.05564573034644127,0.12477631966549878,VERB,other,True,negative,0.9890833497047424,0.010916640982031822
68, by,by,0.06789679825305939,0.16239641570148866,ADP,other,True,negative,0.9890833497047424,0.010916640982031822
69, Peter,Peter,0.0445246659219265,0.09062619374491136,PROPN,other,True,negative,0.9890833497047424,0.010916640982031822
70, H,H,0.07964841276407242,0.19848280995316187,UNKNOWN,other,True,negative,0.9890833497047424,0.010916640982031822
71,y,y,0.04265003278851509,0.08486964427112319,UNKNOWN,other,True,negative,0.9890833497047424,0.010916640982031822
72,am,am,0.0333065465092659,0.05617803519544222,UNKNOWN,other,True,negative,0.9890833497047424,0.010916640982031822
73,s,s,0.02660977654159069,0.035613858159187446,UNKNOWN,other,True,negative,0.9890833497047424,0.010916640982031822
74, it,it,0.02852831408381462,0.0415052275595747,PRON,other,True,negative,0.9890833497047424,0.010916640982031822
75, has,has,0.06425770372152328,0.15122162777247247,VERB,other,True,negative,0.9890833497047424,0.010916640982031822
76, made,made,0.019244486466050148,0.012996815948109995,VERB,other,True,negative,0.9890833497047424,0.010916640982031822
77, me,me,0.041024502366781235,0.0798780295775163,PRON,other,True,negative,0.9890833497047424,0.010916640982031822
78, real,real,0.04036452993750572,0.07785141227691036,UNKNOWN,other,True,negative,0.9890833497047424,0.010916640982031822
79,ise,ise,0.025691432878375053,0.03279384466586971,UNKNOWN,other,True,negative,0.9890833497047424,0.010916640982031822
80, that,that,0.044941265136003494,0.09190547017710125,SCONJ,other,True,negative,0.9890833497047424,0.010916640982031822
81, Peter,Peter,0.05813733860850334,0.13242745202533207,PROPN,other,True,negative,0.9890833497047424,0.010916640982031822
82, has,has,0.033485542982816696,0.05672769050520071,VERB,other,True,negative,0.9890833497047424,0.010916640982031822
83, no,no,0.03989363834261894,0.07640541694350672,DET,other,True,negative,0.9890833497047424,0.010916640982031822
84, talent,talent,0.07468930631875992,0.18325458151239302,NOUN,positive_sentiment,True,negative,0.9890833497047424,0.010916640982031822
85, as,as,0.027752725407481194,0.039123580448441816,ADV,other,True,negative,0.9890833497047424,0.010916640982031822
86, a,a,0.025941643863916397,0.0335621826897117,DET,other,True,negative,0.9890833497047424,0.010916640982031822
87, director,director,0.0268475953489542,0.03634414277113925,NOUN,other,True,negative,0.9890833497047424,0.010916640982031822
88,",",",",0.03551500290632248,0.06295967597825781,PUNCT,other,False,negative,0.9890833497047424,0.010916640982031822
89, but,but,0.028585944324731827,0.04168219622993129,CCONJ,other,True,negative,0.9890833497047424,0.010916640982031822
90, is,is,0.055995188653469086,0.12584942244895972,AUX,other,True,negative,0.9890833497047424,0.010916640982031822
91, very,very,0.03872685506939888,0.07282250489646687,ADV,other,True,negative,0.9890833497047424,0.010916640982031822
92, good,good,0.03295280411839485,0.05509177701631805,ADJ,positive_sentiment,True,negative,0.9890833497047424,0.010916640982031822
93, at,at,0.02420678548514843,0.028234848018516574,ADP,other,True,negative,0.9890833497047424,0.010916640982031822
94, filming,filming,0.03651716560125351,0.06603707764759516,VERB,other,True,negative,0.9890833497047424,0.010916640982031822
95, explos,explos,0.150648295879364,0.4165064501534108,UNKNOWN,other,True,negative,0.9890833497047424,0.010916640982031822
96,ions,ions,0.06439212709665298,0.15163440976996098,UNKNOWN,other,True,negative,0.9890833497047424,0.010916640982031822
97, and,and,0.11456343531608582,0.3056984838452256,CCONJ,other,True,negative,0.9890833497047424,0.010916640982031822
98, the,the,0.025629371404647827,0.032603268740607545,DET,other,True,negative,0.9890833497047424,0.010916640982031822
99, like,like,0.015012044459581375,0.0,ADJ,positive_sentiment,True,negative,0.9890833497047424,0.010916640982031822
100,.,.,0.023777680471539497,0.026917169270464558,PUNCT,other,False,negative,0.9890833497047424,0.010916640982031822
101, However,However,0.019562978297472,0.013974828099874803,ADV,other,True,negative,0.9890833497047424,0.010916640982031822
102,",",",",0.06943155825138092,0.16710929615967804,PUNCT,other,False,negative,0.9890833497047424,0.010916640982031822
103, movies,movies,0.033506445586681366,0.05679187739656276,NOUN,other,True,negative,0.9890833497047424,0.010916640982031822
104, need,need,0.06594888120889664,0.1564148288855379,VERB,other,True,negative,0.9890833497047424,0.010916640982031822
105, other,other,0.06410130858421326,0.15074137575444335,ADJ,other,True,negative,0.9890833497047424,0.010916640982031822
106, elements,elements,0.04461793228983879,0.090912592428237,NOUN,other,True,negative,0.9890833497047424,0.010916640982031822
107, as,as,0.035627320408821106,0.06330457613412409,ADV,other,True,negative,0.9890833497047424,0.010916640982031822
108, well,well,0.23009762167930603,0.6604763056281197,ADV,positive_sentiment,True,negative,0.9890833497047424,0.010916640982031822
109,;,;,0.05426424741744995,0.12053411638519058,PUNCT,other,False,negative,0.9890833497047424,0.010916640982031822
110, for,for,0.035471439361572266,0.06282590276357455,ADP,other,True,negative,0.9890833497047424,0.010916640982031822
111, example,example,0.12231100350618362,0.3294894106100188,NOUN,other,True,negative,0.9890833497047424,0.010916640982031822
112,",",",",0.024564841762185097,0.029334353109099882,PUNCT,other,False,negative,0.9890833497047424,0.010916640982031822
113, a,a,0.01797686330974102,0.009104248766106823,DET,other,True,negative,0.9890833497047424,0.010916640982031822
114, story,story,0.027223307639360428,0.03749786525106678,NOUN,other,True,negative,0.9890833497047424,0.010916640982031822
115,.,.,0.023053575307130814,0.024693615696780163,PUNCT,other,False,negative,0.9890833497047424,0.010916640982031822
116, This,This,0.060318008065223694,0.13912376576792854,DET,other,True,negative,0.9890833497047424,0.010916640982031822
117, one,one,0.03251167759299278,0.053737183084087585,PRON,other,True,negative,0.9890833497047424,0.010916640982031822
118, didn't,didn't,0.0395200178027153,0.07525811772850519,UNKNOWN,other,True,negative,0.9890833497047424,0.010916640982031822
119, have,have,0.05515431612730026,0.12326730426713103,VERB,other,True,negative,0.9890833497047424,0.010916640982031822
120, one,one,0.03139840438961983,0.05031858764861865,PRON,other,True,negative,0.9890833497047424,0.010916640982031822
121,.,.,0.22125625610351562,0.63332658900049,PUNCT,other,False,negative,0.9890833497047424,0.010916640982031822
122, This,This,0.10233103483915329,0.26813571101590394,DET,other,True,negative,0.9890833497047424,0.010916640982031822
123, might,might,0.029930097982287407,0.04580977025611485,AUX,other,True,negative,0.9890833497047424,0.010916640982031822
124, explain,explain,0.02333918772637844,0.025570663046698347,VERB,other,True,negative,0.9890833497047424,0.010916640982031822
125, the,the,0.01819470152258873,0.009773177756632799,DET,other,True,negative,0.9890833497047424,0.010916640982031822
126, awful,awful,0.1120712161064148,0.298045475411576,UNKNOWN,negative_sentiment,True,negative,0.9890833497047424,0.010916640982031822
127,ness,ness,0.055802471935749054,0.12525763555465544,UNKNOWN,other,True,negative,0.9890833497047424,0.010916640982031822
128, of,of,0.017099859192967415,0.0064111791212019525,ADP,other,True,negative,0.9890833497047424,0.010916640982031822
129, some,some,0.04761611297726631,0.10011928740813687,DET,other,True,negative,0.9890833497047424,0.010916640982031822
130, of,of,0.042007721960544586,0.08289726151907321,ADP,other,True,negative,0.9890833497047424,0.010916640982031822
131, Mr,Mr,0.0458315908908844,0.0946394473827815,UNKNOWN,other,True,negative,0.9890833497047424,0.010916640982031822
132,.,.,0.06553097814321518,0.1551315486372766,PUNCT,other,False,negative,0.9890833497047424,0.010916640982031822
133, H,H,0.04360520839691162,0.08780275984872118,UNKNOWN,other,True,negative,0.9890833497047424,0.010916640982031822
134,y,y,0.020304864272475243,0.016252982285298822,UNKNOWN,other,True,negative,0.9890833497047424,0.010916640982031822
135,am,am,0.018897801637649536,0.011932229853406681,UNKNOWN,other,True,negative,0.9890833497047424,0.010916640982031822
136,s,s,0.037103503942489624,0.06783758229543649,UNKNOWN,other,True,negative,0.9890833497047424,0.010916640982031822
137,',',0.03912351280450821,0.07404054582171307,PART,other,False,negative,0.9890833497047424,0.010916640982031822
138, more,more,0.04082247614860535,0.07925765543646211,ADV,other,True,negative,0.9890833497047424,0.010916640982031822
139, recent,recent,0.047739725559949875,0.1004988720506561,ADJ,other,True,negative,0.9890833497047424,0.010916640982031822
140, films,films,0.04030749201774597,0.07767626248299765,NOUN,other,True,negative,0.9890833497047424,0.010916640982031822
141,",",",",0.030951455235481262,0.048946113817760685,PUNCT,other,False,negative,0.9890833497047424,0.010916640982031822
142, hardly,hardly,0.02324635162949562,0.025285585622676278,ADV,other,True,negative,0.9890833497047424,0.010916640982031822
143, any,any,0.04066849872469902,0.07878482763737685,ADV,other,True,negative,0.9890833497047424,0.010916640982031822
144, better,better,0.03245760500431061,0.05357113911186871,ADJ,positive_sentiment,True,negative,0.9890833497047424,0.010916640982031822
145, than,than,0.028044776991009712,0.04002040093001555,ADP,other,True,negative,0.9890833497047424,0.010916640982031822
146, this,this,0.21309202909469604,0.608256202771915,DET,other,True,negative,0.9890833497047424,0.010916640982031822
147, one,one,0.022042198106646538,0.0215879184872924,PRON,other,True,negative,0.9890833497047424,0.010916640982031822
148,",",",",0.02879660204052925,0.042329075633378246,PUNCT,other,False,negative,0.9890833497047424,0.010916640982031822
149, really,really,0.08458927273750305,0.21365500784787989,ADV,other,True,negative,0.9890833497047424,0.010916640982031822
150,.,.,0.06338111311197281,0.14852982790923597,PUNCT,other,False,negative,0.9890833497047424,0.010916640982031822
151, One,One,0.097596175968647,0.25359609318152065,PRON,other,True,negative,0.9890833497047424,0.010916640982031822
152, can't,can't,0.04191403090953827,0.08260955873565574,UNKNOWN,other,True,negative,0.9890833497047424,0.010916640982031822
153, help,help,0.0182001031935215,0.00978976499464295,VERB,other,True,negative,0.9890833497047424,0.010916640982031822
154, wondering,wondering,0.025657454505562782,0.032689505219048606,VERB,other,True,negative,0.9890833497047424,0.010916640982031822
155, how,how,0.041524749249219894,0.08141416796989927,SCONJ,other,True,negative,0.9890833497047424,0.010916640982031822
156, some,some,0.043324656784534454,0.08694125302489734,DET,other,True,negative,0.9890833497047424,0.010916640982031822
157, people,people,0.021455826237797737,0.01978731088418066,NOUN,other,True,negative,0.9890833497047424,0.010916640982031822
158, ever,ever,0.022768910974264145,0.023819479693119625,ADV,other,True,negative,0.9890833497047424,0.010916640982031822
159, were,were,0.025147952139377594,0.03112494545229583,AUX,other,True,negative,0.9890833497047424,0.010916640982031822
160, put,put,0.2972249984741211,0.866608406185722,VERB,other,True,negative,0.9890833497047424,0.010916640982031822
161, behind,behind,0.04840843006968498,0.10255230347946602,ADP,other,True,negative,0.9890833497047424,0.010916640982031822
162, a,a,0.0245962031185627,0.02943065632509193,DET,other,True,negative,0.9890833497047424,0.010916640982031822
163, camera,camera,0.030798787251114845,0.04847730699395857,NOUN,other,True,negative,0.9890833497047424,0.010916640982031822
164,.,.,0.3116846978664398,0.9110106806598284,PUNCT,other,False,negative,0.9890833497047424,0.010916640982031822
